timestamp,open,high,low,close,volume
2025-03-18 16:20:13,1.1,1.1,1.1,1.1,8518
2025-03-18 17:20:13,1.1,1.1023275905293484,1.0994694853439027,1.101740306517296,2151
2025-03-18 18:20:13,1.101740306517296,1.1018977815956643,1.0999531087541952,1.0999723735459175,7031
2025-03-18 19:20:13,1.0999723735459175,1.1017106901670635,1.0993165334353814,1.101412599609458,8501
2025-03-18 20:20:13,1.101412599609458,1.1041813316187072,1.10095448376149,1.1034772058956974,7868
2025-03-18 21:20:13,1.1034772058956974,1.1040981299571997,1.1032864072827013,1.1039012814528815,5986
2025-03-18 22:20:13,1.1039012814528815,1.103959019464396,1.1038842480189834,1.1039484135289017,7838
2025-03-18 23:20:13,1.1039484135289017,1.104258678872071,1.1031534664141909,1.1032139447573652,5082
2025-03-19 00:20:13,1.1032139447573652,1.1039550283853874,1.1031215719794005,1.1038988830090015,9171
2025-03-19 01:20:13,1.1038988830090015,1.1061327021217493,1.1035542549454842,1.1059874430944048,6402
2025-03-19 02:20:13,1.1059874430944048,1.1088160096433266,1.105159236875966,1.1086517672670808,4953
2025-03-19 03:20:13,1.1086517672670808,1.1088546648172342,1.1081267100621661,1.1082370012485392,1912
2025-03-19 04:20:13,1.1082370012485392,1.1134578362632128,1.1067667057087005,1.112538191241165,1914
2025-03-19 05:20:13,1.112538191241165,1.113046878269514,1.1114433105033175,1.1114788579412922,8894
2025-03-19 06:20:13,1.1114788579412922,1.115146431882073,1.1111402272195352,1.1142986517738975,4765
2025-03-19 07:20:13,1.1142986517738975,1.1148221407632073,1.112029256306044,1.1123899189974829,9414
2025-03-19 08:20:13,1.1123899189974829,1.1129593126877082,1.1121547699831507,1.112901448425873,9663
2025-03-19 09:20:13,1.112901448425873,1.1132251507906028,1.1099374541665292,1.1107866729037832,2400
2025-03-19 10:20:13,1.1107866729037832,1.1109570492549274,1.1095964786702934,1.1098865139579608,8283
2025-03-19 11:20:13,1.1098865139579608,1.1143929826821677,1.1091370577622741,1.1139400438906044,7880
2025-03-19 12:20:13,1.1139400438906044,1.1170397964353436,1.1127765690602076,1.1165293327547128,6341
2025-03-19 13:20:13,1.1165293327547128,1.1166458798907113,1.114092368274846,1.1145182568177143,9840
2025-03-19 14:20:13,1.1145182568177143,1.1159103085460291,1.1145144032959602,1.1156832796059148,1655
2025-03-19 15:20:13,1.1156832796059148,1.1169924672615423,1.1151172568114762,1.1168758698744745,4254
2025-03-19 16:20:13,1.1168758698744745,1.1205694576992176,1.1161016762289488,1.1195331376687239,9542
2025-03-19 17:20:13,1.1195331376687239,1.1198699419884206,1.117544599473644,1.118015883928993,2880
2025-03-19 18:20:13,1.118015883928993,1.121777344534725,1.1168456272663831,1.1207274212600562,6478
2025-03-19 19:20:13,1.1207274212600562,1.1278843291623006,1.1199478103266047,1.126187881953267,4854
2025-03-19 20:20:13,1.126187881953267,1.126198875721408,1.1261829448945353,1.1261979979384025,8412
2025-03-19 21:20:13,1.1261979979384025,1.1268531329580036,1.1222214371150565,1.1234895745134252,5320
2025-03-19 22:20:13,1.1234895745134252,1.127042649106475,1.123480786436975,1.1267323101156035,2195
2025-03-19 23:20:13,1.1267323101156035,1.130126421592567,1.1261275509466535,1.1294230144455093,2164
2025-03-20 00:20:13,1.1294230144455093,1.1303250098235964,1.126886264333166,1.127442997454466,8507
2025-03-20 01:20:13,1.127442997454466,1.127495786886642,1.127435556612459,1.1274860006879153,1896
2025-03-20 02:20:13,1.1274860006879153,1.1278715171711666,1.1258814313215904,1.1260443861807987,9895
2025-03-20 03:20:13,1.1260443861807987,1.1261393155684551,1.1231628257139443,1.1236666933288695,1129
2025-03-20 04:20:13,1.1236666933288695,1.1238869834771756,1.1236188797288431,1.1238363033993484,9019
2025-03-20 05:20:13,1.1238363033993484,1.128216479373526,1.1221501892289136,1.1280913487969095,2835
2025-03-20 06:20:13,1.1280913487969095,1.1285033585636068,1.1280080456175887,1.1283808959634296,6448
2025-03-20 07:20:13,1.1283808959634296,1.1299656249303673,1.1278932514412068,1.1298375281609534,7115
2025-03-20 08:20:13,1.1298375281609534,1.1303580645071654,1.1282433813331156,1.1284542824934551,6389
2025-03-20 09:20:13,1.1284542824934551,1.128466651067527,1.1284033515453435,1.1284162871406582,6163
2025-03-20 10:20:13,1.1284162871406582,1.130231292171911,1.1279036451330833,1.1301621733601508,6919
2025-03-20 11:20:13,1.1301621733601508,1.1311961089900635,1.1301247745666467,1.1308695542505045,1765
2025-03-20 12:20:13,1.1308695542505045,1.1312063655421913,1.1285024931495449,1.1290199069776752,2762
2025-03-20 13:20:13,1.1290199069776752,1.1292000329548497,1.1289829162066565,1.1291819513963535,8376
2025-03-20 14:20:13,1.1291819513963535,1.131888342946656,1.1289301511695147,1.1317286950203658,4147
2025-03-20 15:20:13,1.1317286950203658,1.132293781740102,1.1298792408054925,1.1302149109082322,4462
2025-03-20 16:20:13,1.1302149109082322,1.131572114682671,1.1300881344322842,1.1314122572592133,9360
2025-03-20 17:20:13,1.1314122572592133,1.1314289921136924,1.1292911493205187,1.1294785159801755,7233
2025-03-20 18:20:13,1.1294785159801755,1.1314732699220065,1.1292394056617163,1.1308206573834982,7848
2025-03-20 19:20:13,1.1308206573834982,1.1312543965781559,1.1306405335590477,1.131185627253286,8388
2025-03-20 20:20:13,1.131185627253286,1.131421620185893,1.1304288004057088,1.1305886284742825,9245
2025-03-20 21:20:13,1.1305886284742825,1.1310452037607928,1.1305521311004467,1.1309510829168188,8939
2025-03-20 22:20:13,1.1309510829168188,1.1310347065496031,1.1302362449068273,1.130247835254099,6254
2025-03-20 23:20:13,1.130247835254099,1.1303223472842874,1.1298582883721768,1.129915517867205,8474
2025-03-21 00:20:13,1.129915517867205,1.130632656912935,1.1277826093986911,1.1282611722005522,9257
2025-03-21 01:20:13,1.1282611722005522,1.1317817504869738,1.1281159759204706,1.1308986829729928,1288
2025-03-21 02:20:13,1.1308986829729928,1.1351711638892994,1.1294673254065837,1.134772518892755,4978
2025-03-21 03:20:13,1.134772518892755,1.1349158842957914,1.1343573672716547,1.1344269666755453,7328
2025-03-21 04:20:13,1.1344269666755453,1.1344403104226435,1.1344238056785867,1.1344378429974173,9382
2025-03-21 05:20:13,1.1344378429974173,1.1346272776438981,1.132407428876577,1.1325031112350177,9047
2025-03-21 06:20:13,1.1325031112350177,1.1327095270617762,1.1294216884059198,1.1302435021709918,1585
2025-03-21 07:20:13,1.1302435021709918,1.1302467626729373,1.1301743084111762,1.1301953358691927,6047
2025-03-21 08:20:13,1.1301953358691927,1.1303020260541266,1.1294520306177915,1.1296773020621282,3043
2025-03-21 09:20:13,1.1296773020621282,1.1300979253175991,1.1281941470093937,1.1284257476449504,6794
2025-03-21 10:20:13,1.1284257476449504,1.1351467709330316,1.1266703180819373,1.1341085540345102,9434
2025-03-21 11:20:13,1.1341085540345102,1.1345386364507897,1.130538507253294,1.13125025324795,8959
2025-03-21 12:20:13,1.13125025324795,1.1330943252162717,1.1306173519739262,1.132567644938324,6989
2025-03-21 13:20:13,1.132567644938324,1.1340570721103926,1.1324718121777022,1.13363081825168,4638
2025-03-21 14:20:13,1.13363081825168,1.1336987423317006,1.1332387785027764,1.1333054432588616,2413
2025-03-21 15:20:13,1.1333054432588616,1.1333463607835024,1.1329080416463864,1.1330315870805752,9459
2025-03-21 16:20:13,1.1330315870805752,1.133453684763192,1.1329466573234024,1.133355310632704,4286
2025-03-21 17:20:13,1.133355310632704,1.1349446181356462,1.1275638455267434,1.1292913140308172,8938
2025-03-21 18:20:13,1.1292913140308172,1.1324949861321805,1.1284736601843752,1.1314540944727858,4458
2025-03-21 19:20:13,1.1314540944727858,1.1330878929656374,1.130953048525425,1.1327697272593125,4376
2025-03-21 20:20:13,1.1327697272593125,1.1361328515119624,1.1319874973530768,1.1357179145682437,7878
2025-03-21 21:20:13,1.1357179145682437,1.1357570984696208,1.1341700791627995,1.1344780239542152,9134
2025-03-21 22:20:13,1.1344780239542152,1.1349483429634863,1.1284844250978159,1.1299484656748893,1273
2025-03-21 23:20:13,1.1299484656748893,1.1355239944370692,1.1290766244779318,1.1342188563960123,7390
2025-03-22 00:20:13,1.1342188563960123,1.1355135679285098,1.1341343358431093,1.1352757952943566,1143
2025-03-22 01:20:13,1.1352757952943566,1.1357613046553732,1.1352687375164718,1.135605621393065,9521
2025-03-22 02:20:13,1.135605621393065,1.1361521975085986,1.129789278852688,1.1315871417868788,8588
2025-03-22 03:20:13,1.1315871417868788,1.132064509784005,1.1267041368523967,1.127759484666697,6302
2025-03-22 04:20:13,1.127759484666697,1.1291585160662931,1.1275828964530354,1.1288106274758685,9697
2025-03-22 05:20:13,1.1288106274758685,1.1288260539883797,1.1288066435198907,1.1288218554310412,5975
2025-03-22 06:20:13,1.1288218554310412,1.131596231787095,1.1282890011635764,1.1308303298268314,9353
2025-03-22 07:20:13,1.1308303298268314,1.1346457753338448,1.1302195218573425,1.1345674057400674,3806
2025-03-22 08:20:13,1.1345674057400674,1.1346454808737836,1.1339639383996778,1.1340832484074048,4769
2025-03-22 09:20:13,1.1340832484074048,1.1347189526192072,1.1323577434172245,1.132641681370979,9365
2025-03-22 10:20:13,1.132641681370979,1.1346217531276421,1.1319899571509204,1.134072788751326,1314
2025-03-22 11:20:13,1.134072788751326,1.1341326315606426,1.1324317665890105,1.1324328957380505,5938
2025-03-22 12:20:13,1.1324328957380505,1.1350349884574455,1.1315310602676663,1.1343913830273753,8717
2025-03-22 13:20:13,1.1343913830273753,1.1351165399796064,1.1341806098642733,1.1350646783915477,4091
2025-03-22 14:20:13,1.1350646783915477,1.1355003611938406,1.1349187600617727,1.1354739555453923,5218
2025-03-22 15:20:13,1.1354739555453923,1.1360812612707423,1.1336639181656127,1.1341072272876866,1024
2025-03-22 16:20:13,1.1341072272876866,1.1390067428239767,1.1324626143627645,1.1381792925001752,3417
2025-03-22 17:20:13,1.1381792925001752,1.1410019497708825,1.137424948406316,1.140201197097215,6764
2025-03-22 18:20:13,1.140201197097215,1.1434892272962893,1.1391762716297784,1.1434797277692113,3231
2025-03-22 19:20:13,1.1434797277692113,1.1447826146617974,1.1430376783166918,1.144609237415604,7732
2025-03-22 20:20:13,1.144609237415604,1.144708108961648,1.1443136616721594,1.1443540093581515,4717
2025-03-22 21:20:13,1.1443540093581515,1.1445135408243847,1.143767463716876,1.1438227465507074,4199
2025-03-22 22:20:13,1.1438227465507074,1.143897766226955,1.1420522101937751,1.142473520258827,7401
2025-03-22 23:20:13,1.142473520258827,1.1449584307754859,1.1418475240502697,1.1443784519907922,6585
2025-03-23 00:20:13,1.1443784519907922,1.1456511240916274,1.143961826822707,1.1453737211545714,6832
2025-03-23 01:20:13,1.1453737211545714,1.150123520723237,1.144901481522922,1.1494399106904953,2639
2025-03-23 02:20:13,1.1494399106904953,1.1494605260119333,1.149374215492599,1.1493877351832724,4832
2025-03-23 03:20:13,1.1493877351832724,1.1493882127454436,1.1493875841592718,1.1493881412393603,7965
2025-03-23 04:20:13,1.1493881412393603,1.14957010999678,1.1464480259710481,1.1472968366019134,2754
2025-03-23 05:20:13,1.1472968366019134,1.147542849717395,1.1461350416933853,1.146152309568368,3588
2025-03-23 06:20:13,1.146152309568368,1.146973648276064,1.146059998961695,1.1468145968565695,8340
2025-03-23 07:20:13,1.1468145968565695,1.1471361469465176,1.1457822634090458,1.146027852818648,1948
2025-03-23 08:20:13,1.146027852818648,1.1499186236167633,1.1456928496456014,1.1491482246301836,3187
2025-03-23 09:20:13,1.1491482246301836,1.1492887821184046,1.149121013029988,1.149256394360291,9243
2025-03-23 10:20:13,1.149256394360291,1.1524626092545507,1.1485118733431743,1.1523944001511426,4438
2025-03-23 11:20:13,1.1523944001511426,1.154465612500823,1.1516241832723229,1.1543713645492686,5528
2025-03-23 12:20:13,1.1543713645492686,1.1546573631183965,1.1516563291438895,1.1524816935502737,9784
2025-03-23 13:20:13,1.1524816935502737,1.1542595882255016,1.1523805235515405,1.1536686567109162,6397
2025-03-23 14:20:13,1.1536686567109162,1.1537895229048145,1.152260570095231,1.1525335274049786,7094
2025-03-23 15:20:13,1.1525335274049786,1.1527330413243688,1.1524778532776467,1.1526764391273696,8826
2025-03-23 16:20:13,1.1526764391273696,1.153410841443549,1.1523863881493046,1.1533395966768218,2787
2025-03-23 17:20:13,1.1533395966768218,1.1561909258387113,1.1529475178577195,1.1556673808713507,4715
2025-03-23 18:20:13,1.1556673808713507,1.1557346484424589,1.1525697232701018,1.1528653021012054,3082
2025-03-23 19:20:13,1.1528653021012054,1.1529610157677381,1.1509251345182094,1.1510690820472764,5761
2025-03-23 20:20:13,1.1510690820472764,1.1547617693838876,1.1502124290192635,1.153841624939806,5397
2025-03-23 21:20:13,1.153841624939806,1.1538778338789462,1.1500497908684393,1.150666070297664,2360
2025-03-23 22:20:13,1.150666070297664,1.151181530847899,1.1483023802655048,1.14901863031925,1667
2025-03-23 23:20:13,1.14901863031925,1.1490188046049947,1.1490180045510459,1.1490180802713446,9916
2025-03-24 00:20:13,1.1490180802713446,1.1490340778667563,1.1482241324275815,1.1484584908289301,2460
2025-03-24 01:20:13,1.1484584908289301,1.1493778881943089,1.1480677072388534,1.149312738874578,2956
2025-03-24 02:20:13,1.149312738874578,1.1494630726764798,1.1486068356845605,1.1487130725597614,5579
2025-03-24 03:20:13,1.1487130725597614,1.149938281160957,1.144030083237058,1.1449751857670174,6979
2025-03-24 04:20:13,1.1449751857670174,1.144979941058367,1.1449616333767698,1.1449639651406247,7586
2025-03-24 05:20:13,1.1449639651406247,1.1460946481146324,1.1402878048400469,1.1407840856986886,1894
2025-03-24 06:20:13,1.1407840856986886,1.140922370752618,1.1397022977507871,1.1400048275950703,7811
2025-03-24 07:20:13,1.1400048275950703,1.1442543235018325,1.1388640401697443,1.1431841898314357,1085
2025-03-24 08:20:13,1.1431841898314357,1.1432744709426044,1.1418329086480121,1.1422251557994714,2635
2025-03-24 09:20:13,1.1422251557994714,1.1455369805912223,1.1411474680054656,1.1445570830197427,2456
2025-03-24 10:20:13,1.1445570830197427,1.1483239728763803,1.143234351028216,1.1476115748077529,6080
2025-03-24 11:20:13,1.1476115748077529,1.147861049793197,1.146411481911414,1.146781369696718,5038
2025-03-24 12:20:13,1.146781369696718,1.1471056553806167,1.1438262091638962,1.1443538180736124,6168
2025-03-24 13:20:13,1.1443538180736124,1.1456196960477725,1.1443298396498969,1.1453169467148432,3949
2025-03-24 14:20:13,1.1453169467148432,1.1459237686385855,1.1433730380297265,1.1436765103693407,7764
2025-03-24 15:20:13,1.1436765103693407,1.1437781354938834,1.1433559746788515,1.143432508849874,1641
2025-03-24 16:20:13,1.143432508849874,1.144542760928457,1.143159098893063,1.144205288500302,9114
2025-03-24 17:20:13,1.144205288500302,1.1449753439825407,1.1440251870137053,1.1447665794127089,9418
2025-03-24 18:20:13,1.1447665794127089,1.1467506327602952,1.1441985314523573,1.1462460064725768,3319
2025-03-24 19:20:13,1.1462460064725768,1.1464951551715294,1.1452269948624154,1.1452529105488176,7226
2025-03-24 20:20:13,1.1452529105488176,1.1497225425438,1.1444818923928466,1.148821074930706,7671
2025-03-24 21:20:13,1.148821074930706,1.1499135491518608,1.1486989497442066,1.1498322361221167,7685
2025-03-24 22:20:13,1.1498322361221167,1.1534039310465956,1.148743343784567,1.1523421324870036,2226
2025-03-24 23:20:13,1.1523421324870036,1.1534286174391273,1.1472063972035607,1.1488959839759458,2662
2025-03-25 00:20:13,1.1488959839759458,1.1515970161527476,1.147920189093233,1.1513116769863307,5443
2025-03-25 01:20:13,1.1513116769863307,1.151604175237843,1.1454069389639314,1.1471837678723373,8740
2025-03-25 02:20:13,1.1471837678723373,1.1517536030904914,1.146967916838358,1.1503827792374044,6779
2025-03-25 03:20:13,1.1503827792374044,1.1511585648223934,1.1486323926108397,1.1486743232047478,8441
2025-03-25 04:20:13,1.1486743232047478,1.1579541099156916,1.1462393524063785,1.155980638954341,9461
2025-03-25 05:20:13,1.155980638954341,1.1630956720770353,1.1544080766552889,1.161745327730955,4664
2025-03-25 06:20:13,1.161745327730955,1.1618924534876027,1.160836566541141,1.1611085835593846,7247
2025-03-25 07:20:13,1.1611085835593846,1.1674611137406739,1.1596574717736523,1.1661699173474174,5459
2025-03-25 08:20:13,1.1661699173474174,1.1665542939877838,1.1643699499813294,1.16472941789113,5346
2025-03-25 09:20:13,1.16472941789113,1.1652343954860478,1.1631114229866992,1.163325598529872,8624
2025-03-25 10:20:13,1.163325598529872,1.1633816238153758,1.163312473087844,1.1633737685047285,7949
2025-03-25 11:20:13,1.1633737685047285,1.1660132029300763,1.1628827407734281,1.165555555403451,9593
2025-03-25 12:20:13,1.165555555403451,1.166470635944038,1.165191884859592,1.166363050288012,4324
2025-03-25 13:20:13,1.166363050288012,1.166838326603485,1.1662171710936828,1.1667429188148162,6898
2025-03-25 14:20:13,1.1667429188148162,1.1689704106863656,1.166163006909891,1.1687245066908127,4353
2025-03-25 15:20:13,1.1687245066908127,1.1691829437817551,1.1687068838781955,1.169130696501709,4263
2025-03-25 16:20:13,1.169130696501709,1.1693319799191804,1.1657381414979449,1.1667036685188599,3981
2025-03-25 17:20:13,1.1667036685188599,1.1684224525089224,1.166433432983404,1.1680826395454054,8176
2025-03-25 18:20:13,1.1680826395454054,1.1690066745085532,1.1630232145451225,1.1643283988790591,8497
2025-03-25 19:20:13,1.1643283988790591,1.1644429255643416,1.163229813298398,1.1633682534292342,1725
2025-03-25 20:20:13,1.1633682534292342,1.163513988058581,1.1606259675213215,1.1614403892922882,7632
2025-03-25 21:20:13,1.1614403892922882,1.1633396789562858,1.161007776889408,1.1631814589695924,6860
2025-03-25 22:20:13,1.1631814589695924,1.1635439870846642,1.1598971096407389,1.1599489130570768,6711
2025-03-25 23:20:13,1.1599489130570768,1.1605871750152459,1.1598062461925642,1.1604007707573971,4054
2025-03-26 00:20:13,1.1604007707573971,1.1610865595947193,1.15730971257236,1.1573423634824447,2891
2025-03-26 01:20:13,1.1573423634824447,1.1602103496844463,1.1567589517996308,1.1600388869259883,6608
2025-03-26 02:20:13,1.1600388869259883,1.1603603554581479,1.1584426599624464,1.1585779878514357,4139
2025-03-26 03:20:13,1.1585779878514357,1.1585875167895174,1.1585508209213844,1.1585535634832118,2556
2025-03-26 04:20:13,1.1585535634832118,1.160748068239392,1.1582003287826934,1.1601875037446088,3399
2025-03-26 05:20:13,1.1601875037446088,1.1647892302203304,1.15917710179445,1.163474205140932,9423
2025-03-26 06:20:13,1.163474205140932,1.1671214183852092,1.1625830052316606,1.1666310786797,8119
2025-03-26 07:20:13,1.1666310786797,1.1709372005888317,1.1662391034192279,1.1703979810697687,3201
2025-03-26 08:20:13,1.1703979810697687,1.1713240386230122,1.170278835917552,1.171276741852777,5052
2025-03-26 09:20:13,1.171276741852777,1.1722829891274487,1.1680069265397446,1.1687135010878311,5629
2025-03-26 10:20:13,1.1687135010878311,1.1690939970880798,1.1667207042995442,1.1670738345039215,6453
2025-03-26 11:20:13,1.1670738345039215,1.167145630334979,1.1658495087685143,1.1662250289865381,7609
2025-03-26 12:20:13,1.1662250289865381,1.1675122574958567,1.1659249160801233,1.1672931220359006,9810
2025-03-26 13:20:13,1.1672931220359006,1.1678345698721848,1.1629435459460105,1.1638593900317493,2230
2025-03-26 14:20:13,1.1638593900317493,1.163933298178377,1.1621550772814724,1.1623666766458054,5607
2025-03-26 15:20:13,1.1623666766458054,1.1624272369886681,1.161255107406091,1.1613886786801328,8387
2025-03-26 16:20:13,1.1613886786801328,1.1696870468504355,1.1607805682011045,1.1689953596262703,1715
2025-03-26 17:20:13,1.1689953596262703,1.169027485200863,1.1686381617410466,1.1686987663829802,8474
2025-03-26 18:20:13,1.1686987663829802,1.169143492183782,1.1685527288099173,1.1690731038517872,8692
2025-03-26 19:20:13,1.1690731038517872,1.172065070222191,1.1681249853502744,1.171589796063227,1276
2025-03-26 20:20:13,1.171589796063227,1.1755877520475069,1.170155022329863,1.174475693877617,2709
2025-03-26 21:20:13,1.174475693877617,1.175984537240111,1.1741822642092847,1.1755816583052447,6214
2025-03-26 22:20:13,1.1755816583052447,1.1769633521693104,1.1755051012796907,1.176668969242576,7667
2025-03-26 23:20:13,1.176668969242576,1.1788331238888954,1.1764029369693847,1.1786223884615064,5090
2025-03-27 00:20:13,1.1786223884615064,1.1798047824680222,1.1741097557552675,1.1755665490901206,7662
2025-03-27 01:20:13,1.1755665490901206,1.1773761883445886,1.1695381514293053,1.1706194210964023,4772
2025-03-27 02:20:13,1.1706194210964023,1.1707596317231546,1.1701494193879793,1.1702341368282074,4435
2025-03-27 03:20:13,1.1702341368282074,1.1723407741653964,1.1697882234484893,1.171886574644945,4189
2025-03-27 04:20:13,1.171886574644945,1.1720174368627594,1.1718568440511816,1.1719864357148178,4577
2025-03-27 05:20:13,1.1719864357148178,1.1721461381511475,1.1704273137321333,1.1709073416742493,1507
2025-03-27 06:20:13,1.1709073416742493,1.1717616069777121,1.1706705748476378,1.171700456454092,7124
2025-03-27 07:20:13,1.171700456454092,1.1728501991626243,1.171657066751572,1.1726582329641984,7533
2025-03-27 08:20:13,1.1726582329641984,1.1732263657681834,1.1725686694885527,1.1730532665620022,7213
2025-03-27 09:20:13,1.1730532665620022,1.1794463117113543,1.1719251723312827,1.1775782593001856,2561
2025-03-27 10:20:13,1.1775782593001856,1.1794240178313915,1.1770001118392543,1.1791810218724423,4378
2025-03-27 11:20:13,1.1791810218724423,1.1792790115671605,1.1779380272562079,1.178125683759492,3660
2025-03-27 12:20:13,1.178125683759492,1.181306763164972,1.177845651174323,1.1804692818028357,5067
2025-03-27 13:20:13,1.1804692818028357,1.1812560506040208,1.1782767426799345,1.1787635348842906,2061
2025-03-27 14:20:13,1.1787635348842906,1.17905943729936,1.1779060014859974,1.178096702044311,1491
2025-03-27 15:20:13,1.178096702044311,1.183811095174641,1.1777607684312166,1.1821742343746509,3378
2025-03-27 16:20:13,1.1821742343746509,1.1830587112908484,1.181907692848688,1.182970962796729,4119
2025-03-27 17:20:13,1.182970962796729,1.1898450810137002,1.1820857460097172,1.1877745888921918,4142
2025-03-27 18:20:13,1.1877745888921918,1.1909385061955668,1.186942244289286,1.1901033434467878,5939
2025-03-27 19:20:13,1.1901033434467878,1.1903397154066702,1.1892095248708883,1.1894619262933235,5285
2025-03-27 20:20:13,1.1894619262933235,1.1896626280541025,1.1869940636890421,1.1872767072203043,3722
2025-03-27 21:20:13,1.1872767072203043,1.1903745202850362,1.1869890705884112,1.189768983021727,7789
2025-03-27 22:20:13,1.189768983021727,1.1897990256756077,1.1893365749718752,1.1894649741405756,5712
2025-03-27 23:20:13,1.1894649741405756,1.1896555179521524,1.1889668856024316,1.1889780705954702,6413
2025-03-28 00:20:13,1.1889780705954702,1.1896291567743382,1.1888766868163116,1.189519281783674,3999
2025-03-28 01:20:13,1.189519281783674,1.1907893482114322,1.1893156978974342,1.1903715102419605,2489
2025-03-28 02:20:13,1.1903715102419605,1.1909825462318282,1.1840947509012545,1.185956646462288,4062
2025-03-28 03:20:13,1.185956646462288,1.1870278019190168,1.1825296685478932,1.1834607152813805,3034
2025-03-28 04:20:13,1.1834607152813805,1.1845076207707206,1.183119241247225,1.1841638032786146,6945
2025-03-28 05:20:13,1.1841638032786146,1.1842333672443428,1.1821572097153659,1.182776468366221,7240
2025-03-28 06:20:13,1.182776468366221,1.1881344387329533,1.1819204273262836,1.1866031402939126,7892
2025-03-28 07:20:13,1.1866031402939126,1.1892057853151266,1.1856974744713293,1.1887090602135393,1055
2025-03-28 08:20:13,1.1887090602135393,1.1913152343196773,1.1879430006699545,1.1909106430218679,5843
2025-03-28 09:20:13,1.1909106430218679,1.192230333520774,1.187142610895752,1.1880601622692688,2916
2025-03-28 10:20:13,1.1880601622692688,1.1888479548978772,1.1880478967968573,1.1887250615121727,6661
2025-03-28 11:20:13,1.1887250615121727,1.189784030380155,1.1849392749706549,1.185784541306698,1530
2025-03-28 12:20:13,1.185784541306698,1.1859235607863794,1.1847171794089773,1.1849325597767673,4389
2025-03-28 13:20:13,1.1849325597767673,1.185103281078318,1.1835038021806747,1.1839430030123852,2193
2025-03-28 14:20:13,1.1839430030123852,1.184093991840598,1.1838995933601173,1.1840560332877816,5454
2025-03-28 15:20:13,1.1840560332877816,1.1844756209222853,1.1839724572191448,1.1843484448991999,8891
2025-03-28 16:20:13,1.1843484448991999,1.188428697133993,1.183190886040517,1.1875869432318906,3721
2025-03-28 17:20:13,1.1875869432318906,1.1907720314413368,1.1869072094094761,1.189883452023451,3076
2025-03-28 18:20:13,1.189883452023451,1.189909961099836,1.1864786168252075,1.186567219648346,6825
2025-03-28 19:20:13,1.186567219648346,1.186840961163558,1.1864935584452527,1.186807284168276,2151
2025-03-28 20:20:13,1.186807284168276,1.1868155182113087,1.1825019073378413,1.1837369548812997,5984
2025-03-28 21:20:13,1.1837369548812997,1.1837735435540035,1.1827877399599698,1.1830740452003257,6820
2025-03-28 22:20:13,1.1830740452003257,1.1830752734137813,1.1830581038839176,1.183060491341312,1688
2025-03-28 23:20:13,1.183060491341312,1.1842894841273217,1.1826783158485,1.1839302059818917,8404
2025-03-29 00:20:13,1.1839302059818917,1.184206148767881,1.1839079622181934,1.1841672598983348,6964
2025-03-29 01:20:13,1.1841672598983348,1.1893698012634208,1.182612215771388,1.187753640954192,3494
2025-03-29 02:20:13,1.187753640954192,1.18812013224993,1.1867689659078773,1.1869196924234457,4091
2025-03-29 03:20:13,1.1869196924234457,1.1874053764581343,1.1846975372415287,1.1853003251175367,2286
2025-03-29 04:20:13,1.1853003251175367,1.186749626822257,1.1847596973472494,1.1867185570526215,7017
2025-03-29 05:20:13,1.1867185570526215,1.1891506211552045,1.1857700182995325,1.1890326041414145,6709
2025-03-29 06:20:13,1.1890326041414145,1.1904804825042477,1.1886683385480181,1.1903626272631098,3321
2025-03-29 07:20:13,1.1903626272631098,1.1907342349861694,1.1829843716948745,1.1842618489557055,2801
2025-03-29 08:20:13,1.1842618489557055,1.1850888994912345,1.1839954282729814,1.1850762391544931,5453
2025-03-29 09:20:13,1.1850762391544931,1.1851874329936043,1.1816072764184005,1.1823628817037484,6005
2025-03-29 10:20:13,1.1823628817037484,1.1828428460009022,1.1804416101978428,1.1808228107381846,3146
2025-03-29 11:20:13,1.1808228107381846,1.1832198419727273,1.1804122660525742,1.1824417399519345,3488
2025-03-29 12:20:13,1.1824417399519345,1.183837521952487,1.1823674380514917,1.1834093396002088,3618
2025-03-29 13:20:13,1.1834093396002088,1.183499554640346,1.1815485582654113,1.1821093590492822,9302
2025-03-29 14:20:13,1.1821093590492822,1.1826657822983826,1.1801342166010136,1.1801495398297366,2362
2025-03-29 15:20:13,1.1801495398297366,1.181424040741812,1.1762218290428708,1.1772062105494203,6040
2025-03-29 16:20:13,1.1772062105494203,1.177270815550099,1.177196171002642,1.1772573873309073,5018
2025-03-29 17:20:13,1.1772573873309073,1.1776667362663824,1.1760973558814771,1.1763694372508486,1617
2025-03-29 18:20:13,1.1763694372508486,1.1787742872348432,1.175951091321907,1.1785929657246408,8628
2025-03-29 19:20:13,1.1785929657246408,1.1794800185013417,1.174077224343695,1.1753493812429088,9271
2025-03-29 20:20:13,1.1753493812429088,1.1799297519258967,1.1745189470251034,1.1785695519396477,3274
2025-03-29 21:20:13,1.1785695519396477,1.1802517079262203,1.1722920367183371,1.1738901515865685,7087
2025-03-29 22:20:13,1.1738901515865685,1.1743807817467968,1.1737058853270383,1.1742880803663946,5533
2025-03-29 23:20:13,1.1742880803663946,1.1752827071773049,1.1741960765880732,1.175183546114655,4962
2025-03-30 00:20:13,1.175183546114655,1.1765369583025211,1.174915062904147,1.1761114831323793,6364
2025-03-30 01:20:13,1.1761114831323793,1.1770532575346389,1.1730005786470319,1.1739872303224774,8705
2025-03-30 02:20:13,1.1739872303224774,1.1751896191517759,1.1736049645134314,1.174801892498974,2905
2025-03-30 03:20:13,1.174801892498974,1.1753365511030516,1.1701526548185157,1.1712898864628865,3998
2025-03-30 04:20:13,1.1712898864628865,1.1747152699511694,1.170148779771266,1.1738804805519178,6458
2025-03-30 05:20:13,1.1738804805519178,1.1741435506366475,1.1738347295359066,1.1740948218308327,1469
2025-03-30 06:20:13,1.1740948218308327,1.177779578669465,1.173939282475714,1.1768029078509077,3936
2025-03-30 07:20:13,1.1768029078509077,1.1776848336305024,1.1744131272020015,1.1744230741185921,4926
2025-03-30 08:20:13,1.1744230741185921,1.1760137793654015,1.1710267180709146,1.1711119271751853,9322
2025-03-30 09:20:13,1.1711119271751853,1.172804682590987,1.170591609103284,1.1724624193998892,3470
2025-03-30 10:20:13,1.1724624193998892,1.1725007921669093,1.1720733624170725,1.1721181406639933,2307
2025-03-30 11:20:13,1.1721181406639933,1.1722139642353337,1.1662987921039427,1.1674844129759292,8285
2025-03-30 12:20:13,1.1674844129759292,1.1676966716150943,1.166238520007803,1.1666389810731546,8288
2025-03-30 13:20:13,1.1666389810731546,1.1686022886167793,1.166381862190688,1.168540067997512,2088
2025-03-30 14:20:13,1.168540067997512,1.1691577410675063,1.168469783283397,1.1690527413536371,1537
2025-03-30 15:20:13,1.1690527413536371,1.169357788405364,1.1680227019019074,1.1681597237643095,5857
2025-03-30 16:20:13,1.1681597237643095,1.1711498767675066,1.167920043348432,1.1706206489016413,2431
2025-03-30 17:20:13,1.1706206489016413,1.1707206526118819,1.1706067860927598,1.1706986022191228,8953
2025-03-30 18:20:13,1.1706986022191228,1.1707735034525744,1.1700966912773405,1.1701067468385493,7322
2025-03-30 19:20:13,1.1701067468385493,1.1701343312007833,1.1696062938439487,1.1697075234047438,2760
2025-03-30 20:20:13,1.1697075234047438,1.169825400339367,1.164327965243133,1.1660852729501103,6843
2025-03-30 21:20:13,1.1660852729501103,1.1666720043641075,1.161737897404347,1.1628781019577656,6062
2025-03-30 22:20:13,1.1628781019577656,1.1631859076443034,1.160355214261708,1.160694463741029,3998
2025-03-30 23:20:13,1.160694463741029,1.1616160849063504,1.156070249399756,1.1567932034642305,9802
2025-03-31 00:20:13,1.1567932034642305,1.1594607327547337,1.1563839793459958,1.1591186741232813,8331
2025-03-31 01:20:13,1.1591186741232813,1.1591500520789586,1.1582434534996506,1.1584457029972228,8284
2025-03-31 02:20:13,1.1584457029972228,1.1590178230382235,1.1582953594127834,1.158951820409953,4487
2025-03-31 03:20:13,1.158951820409953,1.1632475611747204,1.1581898718255084,1.1619963619975981,7308
2025-03-31 04:20:13,1.1619963619975981,1.1620812270358598,1.1603208705632724,1.1605367904406718,1520
2025-03-31 05:20:13,1.1605367904406718,1.16190169061046,1.1601113422748268,1.1616025163653634,9474
2025-03-31 06:20:13,1.1616025163653634,1.1621381714196688,1.1595596024811612,1.159707818233247,9247
2025-03-31 07:20:13,1.159707818233247,1.1597584428932461,1.1578150179811264,1.1581132761531896,8204
2025-03-31 08:20:13,1.1581132761531896,1.1595376017183385,1.1538241503204598,1.154565373180475,6728
2025-03-31 09:20:13,1.154565373180475,1.1570665866114458,1.1539285577054084,1.1563196634376982,7996
2025-03-31 10:20:13,1.1563196634376982,1.1626408749752912,1.1552234307787879,1.1617959174834975,5003
2025-03-31 11:20:13,1.1617959174834975,1.1620791747929418,1.1603814879644387,1.1604747511460964,2147
2025-03-31 12:20:13,1.1604747511460964,1.1607456542452987,1.1594012600575048,1.1596156182142492,7322
2025-03-31 13:20:13,1.1596156182142492,1.1653087226369467,1.157659255741385,1.1647768028934458,5754
2025-03-31 14:20:13,1.1647768028934458,1.1679139174578452,1.1645882832810495,1.167033934562056,9701
2025-03-31 15:20:13,1.167033934562056,1.1710874889209948,1.1669278853599523,1.1698917869213061,8518
2025-03-31 16:20:13,1.1698917869213061,1.1725801804495146,1.1692346683604813,1.1724769870572789,2920
2025-03-31 17:20:13,1.1724769870572789,1.172643588895028,1.1687855128594808,1.1695360221199371,6909
2025-03-31 18:20:13,1.1695360221199371,1.1696452292938944,1.1691861616567354,1.1692217993825282,3638
2025-03-31 19:20:13,1.1692217993825282,1.169465062878421,1.1685737313198423,1.1686188681509524,2970
2025-03-31 20:20:13,1.1686188681509524,1.16867500606441,1.1676907798699425,1.1678917671838598,4901
2025-03-31 21:20:13,1.1678917671838598,1.1680839893097383,1.1678478166576751,1.1680837883311526,8952
2025-03-31 22:20:13,1.1680837883311526,1.168934039228806,1.165453737825453,1.1662778895309356,3306
2025-03-31 23:20:13,1.1662778895309356,1.16676651838063,1.164544052722142,1.1648858277389027,1518
2025-04-01 00:20:13,1.1648858277389027,1.1661047131999989,1.1648773659659755,1.1659590051965827,5277
2025-04-01 01:20:13,1.1659590051965827,1.1701482100198621,1.164439307980825,1.1698892601975999,6342
2025-04-01 02:20:13,1.1698892601975999,1.1711107190006163,1.1695057479559494,1.1707754047027061,3372
2025-04-01 03:20:13,1.1707754047027061,1.1741607275775523,1.17055060462964,1.1736649551148612,5553
2025-04-01 04:20:13,1.1736649551148612,1.1760385235976802,1.173286839657521,1.1757876173472377,4098
2025-04-01 05:20:13,1.1757876173472377,1.1758803693880129,1.1750888694359154,1.1752169720772894,1419
2025-04-01 06:20:13,1.1752169720772894,1.1755898517311065,1.1739645567353396,1.1740636844849548,9315
2025-04-01 07:20:13,1.1740636844849548,1.1744121249950084,1.1716712660184867,1.1723558107556418,9361
2025-04-01 08:20:13,1.1723558107556418,1.1732478001841757,1.1722221103282489,1.1732263270162855,3368
2025-04-01 09:20:13,1.1732263270162855,1.1772613123365079,1.1727507680262834,1.1765644825610417,5788
2025-04-01 10:20:13,1.1765644825610417,1.176807879491385,1.1706617027107908,1.1720295995778127,4977
2025-04-01 11:20:13,1.1720295995778127,1.1721387872073692,1.1717399215227293,1.1717821127804333,8393
2025-04-01 12:20:13,1.1717821127804333,1.1720459332447353,1.1709352817764436,1.1711832234514359,8766
2025-04-01 13:20:13,1.1711832234514359,1.1720145811220823,1.1677982375145273,1.1681836153062122,7798
2025-04-01 14:20:13,1.1681836153062122,1.1684398682376238,1.1681052740822504,1.1683759486745298,9932
2025-04-01 15:20:13,1.1683759486745298,1.1693421298296507,1.1658802279041516,1.1660408576226307,9450
2025-04-01 16:20:13,1.1660408576226307,1.1710728628995877,1.1658016646400526,1.1704095392550171,4385
2025-04-01 17:20:13,1.1704095392550171,1.1705794991154939,1.169500804708454,1.169505364385336,7886
2025-04-01 18:20:13,1.169505364385336,1.1707359467494347,1.1629556808346075,1.164614523012711,1836
2025-04-01 19:20:13,1.164614523012711,1.1668706786272878,1.1638463177818452,1.166683590177158,7537
2025-04-01 20:20:13,1.166683590177158,1.1680781048730275,1.166417447112549,1.167976621882898,8888
2025-04-01 21:20:13,1.167976621882898,1.1711433877370407,1.1673594899104458,1.1704051344623894,5477
2025-04-01 22:20:13,1.1704051344623894,1.1718243491468419,1.1655209467290153,1.1666520499214337,3439
2025-04-01 23:20:13,1.1666520499214337,1.166915489111142,1.1646676349891676,1.1652120202134837,6302
2025-04-02 00:20:13,1.1652120202134837,1.1653641786828266,1.1615853241074092,1.1627045755047825,4454
2025-04-02 01:20:13,1.1627045755047825,1.1629128713045969,1.1626556742018952,1.1628708822890903,1540
2025-04-02 02:20:13,1.1628708822890903,1.1632110493275405,1.1619530123331892,1.1620909079286075,6387
2025-04-02 03:20:13,1.1620909079286075,1.1626884113005442,1.1601541798113595,1.1603646769105325,8229
2025-04-02 04:20:13,1.1603646769105325,1.1626276621722162,1.160357070005207,1.1625943159874192,7831
2025-04-02 05:20:13,1.1625943159874192,1.164440098667039,1.1621523785003636,1.1639083218122215,8280
2025-04-02 06:20:13,1.1639083218122215,1.1651991767668006,1.1583810284075522,1.15973806521607,6683
2025-04-02 07:20:13,1.15973806521607,1.1615802411827647,1.1595581463263167,1.1609728153237266,5215
2025-04-02 08:20:13,1.1609728153237266,1.1643779668666383,1.1600697238873128,1.163381633525691,9298
2025-04-02 09:20:13,1.163381633525691,1.1634188368265164,1.1632650027761062,1.163276782958028,1379
2025-04-02 10:20:13,1.163276782958028,1.1685979549642849,1.1613318337075618,1.1676155010122962,7752
2025-04-02 11:20:13,1.1676155010122962,1.1683334490062087,1.1672927869575758,1.16830418954222,7268
2025-04-02 12:20:13,1.16830418954222,1.1694515772187972,1.1654426686573587,1.1655280213723238,5736
2025-04-02 13:20:13,1.1655280213723238,1.1663331105419654,1.1619326430726147,1.1620115888981275,8837
2025-04-02 14:20:13,1.1620115888981275,1.162470519730632,1.1601508856732248,1.1606782350804932,1816
2025-04-02 15:20:13,1.1606782350804932,1.1639499570215281,1.159539965868571,1.1637027570223935,1969
2025-04-02 16:20:13,1.1637027570223935,1.1639762915520868,1.1636730841287939,1.1639555161876074,8339
2025-04-02 17:20:13,1.1639555161876074,1.16457263124922,1.1622672105922498,1.16264883405886,7593
2025-04-02 18:20:13,1.16264883405886,1.1628222881346781,1.1612361770701647,1.1615294660808633,8624
2025-04-02 19:20:13,1.1615294660808633,1.1620668906835707,1.1614738338605834,1.1619529646719589,6993
2025-04-02 20:20:13,1.1619529646719589,1.1683683220905932,1.1615513609396653,1.1666209900459237,5584
2025-04-02 21:20:13,1.1666209900459237,1.167881502860238,1.1664924690145446,1.1674707505267012,1369
2025-04-02 22:20:13,1.1674707505267012,1.17137758169599,1.1656470274982023,1.171255594240324,6659
2025-04-02 23:20:13,1.171255594240324,1.1739514146951548,1.1704966141025468,1.1736297407788205,6526
2025-04-03 00:20:13,1.1736297407788205,1.1757031318535514,1.1673326162824127,1.1689020540170632,1684
2025-04-03 01:20:13,1.1689020540170632,1.1691093834343393,1.1671850068278715,1.16753412499337,6646
2025-04-03 02:20:13,1.16753412499337,1.1685680538539458,1.1675187577321882,1.1682535321834981,7486
2025-04-03 03:20:13,1.1682535321834981,1.174255310846479,1.1675567083718574,1.1738806426089592,4021
2025-04-03 04:20:13,1.1738806426089592,1.1756946642414707,1.1735226685133635,1.1756708771038211,5115
2025-04-03 05:20:13,1.1756708771038211,1.1767883852997227,1.1709353821968724,1.1718396884859894,7053
2025-04-03 06:20:13,1.1718396884859894,1.172482300864196,1.1670753679118542,1.1672091209797282,2528
2025-04-03 07:20:13,1.1672091209797282,1.1692373300881675,1.1665190150845435,1.1686993623555342,6105
2025-04-03 08:20:13,1.1686993623555342,1.1692857283803864,1.1671037517202931,1.1671530775858043,3793
2025-04-03 09:20:13,1.1671530775858043,1.168756105440149,1.1668895820214447,1.168616940946041,1321
2025-04-03 10:20:13,1.168616940946041,1.168895510462205,1.1670815537396293,1.1672939549286632,7477
2025-04-03 11:20:13,1.1672939549286632,1.1686386124397412,1.1669105913180235,1.1683792974011107,3013
2025-04-03 12:20:13,1.1683792974011107,1.1703277775524743,1.1681878523960705,1.1697173394802514,5842
2025-04-03 13:20:13,1.1697173394802514,1.1697890390790604,1.1693368736264318,1.169341934168562,8852
2025-04-03 14:20:13,1.169341934168562,1.176653419066073,1.1673341250009923,1.1746696060393904,9531
2025-04-03 15:20:13,1.1746696060393904,1.174992868757995,1.1736309624255703,1.1739140600244493,6993
2025-04-03 16:20:13,1.1739140600244493,1.1740634867297903,1.1738664320900754,1.1740448190729023,2182
2025-04-03 17:20:13,1.1740448190729023,1.1743451218247647,1.1740177260450033,1.1743319630765072,6003
2025-04-03 18:20:13,1.1743319630765072,1.1770494283097532,1.1733365617833356,1.176844693582607,2082
2025-04-03 19:20:13,1.176844693582607,1.1776589736641676,1.1744243395730782,1.174914584502544,7579
2025-04-03 20:20:13,1.174914584502544,1.1757417632386087,1.1716916007069766,1.1723413084693046,1307
2025-04-03 21:20:13,1.1723413084693046,1.1726759410083427,1.1714379383021778,1.171567060262588,9387
2025-04-03 22:20:13,1.171567060262588,1.172635686647585,1.1678985251633982,1.1690245619933761,7849
2025-04-03 23:20:13,1.1690245619933761,1.1707606493690104,1.1684758164937552,1.1707545801388506,4731
2025-04-04 00:20:13,1.1707545801388506,1.17108993327527,1.1688491415192663,1.1691000032797412,5136
2025-04-04 01:20:13,1.1691000032797412,1.1701390508526812,1.1621143077287297,1.1635905131945319,2847
2025-04-04 02:20:13,1.1635905131945319,1.164157562067834,1.1611840202724093,1.1618498637968813,7493
2025-04-04 03:20:13,1.1618498637968813,1.1620037535041607,1.1610889451247768,1.1613070853946938,4763
2025-04-04 04:20:13,1.1613070853946938,1.1634048188616706,1.1609851662386292,1.1629230439340343,6415
2025-04-04 05:20:13,1.1629230439340343,1.1629279222279034,1.1628879013441675,1.1628950197259258,9827
2025-04-04 06:20:13,1.1628950197259258,1.1635320364137576,1.1609176501137128,1.1610464655395623,6568
2025-04-04 07:20:13,1.1610464655395623,1.161643714266688,1.1608819185471186,1.1615183467566232,4398
2025-04-04 08:20:13,1.1615183467566232,1.1618137726483626,1.1614220410585934,1.1617937889439596,7992
2025-04-04 09:20:13,1.1617937889439596,1.1621174341774,1.161763657007166,1.1621086161568381,2512
2025-04-04 10:20:13,1.1621086161568381,1.1646611007598027,1.1610788549450706,1.1644049617560208,9534
2025-04-04 11:20:13,1.1644049617560208,1.1693993512636007,1.1630645815660423,1.1678182686912888,5998
2025-04-04 12:20:13,1.1678182686912888,1.1706635952647564,1.1672605227908666,1.170276059574101,3970
2025-04-04 13:20:13,1.170276059574101,1.1713904489095721,1.1698725628853484,1.1712829952435795,9425
2025-04-04 14:20:13,1.1712829952435795,1.176663367843478,1.1695536018383714,1.1750259149757543,7833
2025-04-04 15:20:13,1.1750259149757543,1.1751133405758771,1.1747634912915106,1.1748089331141127,5698
2025-04-04 16:20:13,1.1748089331141127,1.174875679076447,1.1735447532109766,1.1735457241762484,4751
2025-04-04 17:20:13,1.1735457241762484,1.1777174936508856,1.1734655454855076,1.1765512885218408,7697
2025-04-04 18:20:13,1.1765512885218408,1.179787040239661,1.1762364646774284,1.1797613291545423,4712
2025-04-04 19:20:13,1.1797613291545423,1.1799000158400863,1.1793131878631191,1.1793563440866222,2643
2025-04-04 20:20:13,1.1793563440866222,1.180055097513741,1.1791905995762693,1.1799713853756224,7219
2025-04-04 21:20:13,1.1799713853756224,1.1817867606830281,1.1793215715776684,1.1817033457911406,8949
2025-04-04 22:20:13,1.1817033457911406,1.1835647791615707,1.1814055600187845,1.1832160847176034,8670
2025-04-04 23:20:13,1.1832160847176034,1.1832427237718035,1.1826956824247687,1.182784365628775,1537
2025-04-05 00:20:13,1.182784365628775,1.183268984506581,1.1826355253972278,1.1832353148642172,1254
2025-04-05 01:20:13,1.1832353148642172,1.183279287607263,1.182040670566024,1.182376185336282,4287
2025-04-05 02:20:13,1.182376185336282,1.1838485818454119,1.1783118834460093,1.1783543092033197,7616
2025-04-05 03:20:13,1.1783543092033197,1.179357608262175,1.1780785398900209,1.1792012696859642,6859
2025-04-05 04:20:13,1.1792012696859642,1.1808326481052362,1.1787838354088649,1.1805348038710506,5681
2025-04-05 05:20:13,1.1805348038710506,1.1815550974424534,1.1725876761532548,1.174400237307688,5042
2025-04-05 06:20:13,1.174400237307688,1.1755768028870743,1.1706203283216292,1.1711765338214253,9915
2025-04-05 07:20:13,1.1711765338214253,1.171417427522288,1.1710685061515733,1.1714147207509547,5742
2025-04-05 08:20:13,1.1714147207509547,1.1751888684049865,1.1700603202208653,1.1742399981443945,2824
2025-04-05 09:20:13,1.1742399981443945,1.1757033759912319,1.174020226182748,1.1754186758273721,9660
2025-04-05 10:20:13,1.1754186758273721,1.1834333148007474,1.1745635950063196,1.1807939585912548,9499
2025-04-05 11:20:13,1.1807939585912548,1.180976856479045,1.1797927078946966,1.1799711481826518,2194
2025-04-05 12:20:13,1.1799711481826518,1.1800647538301143,1.177021452169627,1.1778656311701539,6441
2025-04-05 13:20:13,1.1778656311701539,1.177907789313034,1.1751275629740816,1.175779195418019,2952
2025-04-05 14:20:13,1.175779195418019,1.1760343213680855,1.1747738250248279,1.1749749037925814,9310
2025-04-05 15:20:13,1.1749749037925814,1.181680675441742,1.172861241171753,1.17944944626745,5947
2025-04-05 16:20:13,1.17944944626745,1.1794930368201388,1.1793004438558639,1.1793403357882963,7989
2025-04-05 17:20:13,1.1793403357882963,1.1802720652557124,1.179195208156281,1.1799928412229717,4131
2025-04-05 18:20:13,1.1799928412229717,1.180032596298577,1.1799068048769066,1.1799091605468524,7991
2025-04-05 19:20:13,1.1799091605468524,1.181973840512171,1.1724352700617093,1.1738534065080437,8646
2025-04-05 20:20:13,1.1738534065080437,1.1746157898774585,1.1693486580408246,1.1706890704318413,4144
2025-04-05 21:20:13,1.1706890704318413,1.1709891251637423,1.1643385040033354,1.1657684093837044,4245
2025-04-05 22:20:13,1.1657684093837044,1.1667932512964772,1.1656243877681975,1.1666218792265581,2081
2025-04-05 23:20:13,1.1666218792265581,1.167090393457735,1.1614281212757742,1.1629796275752264,4389
2025-04-06 00:20:13,1.1629796275752264,1.1631000148132367,1.1609875311662397,1.1615389219096905,8808
2025-04-06 01:20:13,1.1615389219096905,1.1636794193098814,1.1608141355915893,1.1632407981027761,1999
2025-04-06 02:20:13,1.1632407981027761,1.1634110559999375,1.1611511750275354,1.1617513932399002,1750
2025-04-06 03:20:13,1.1617513932399002,1.1619645018130065,1.1617101361867483,1.161952914415226,6593
2025-04-06 04:20:13,1.161952914415226,1.1630185569725864,1.1618873341435667,1.1628843461178273,5714
2025-04-06 05:20:13,1.1628843461178273,1.1629410630891932,1.1594027463246666,1.1597202900792087,1763
2025-04-06 06:20:13,1.1597202900792087,1.1597839372969048,1.1597136351087096,1.15976633653358,7822
2025-04-06 07:20:13,1.15976633653358,1.1626689013883942,1.1592737845430827,1.1620914302225016,1021
2025-04-06 08:20:13,1.1620914302225016,1.1636563048799853,1.1614800579387266,1.163522113099089,9076
2025-04-06 09:20:13,1.163522113099089,1.1640846977286645,1.1603079761570851,1.1608037361354693,5531
2025-04-06 10:20:13,1.1608037361354693,1.1665607399477078,1.1591953081947186,1.1654049434119003,4165
2025-04-06 11:20:13,1.1654049434119003,1.1656680901449412,1.1653902522888642,1.1655991811832132,5556
2025-04-06 12:20:13,1.1655991811832132,1.166122609201899,1.1621355972590461,1.162372296287684,6624
2025-04-06 13:20:13,1.162372296287684,1.1625305026084454,1.1612250579087724,1.1615355343887448,7205
2025-04-06 14:20:13,1.1615355343887448,1.1616221022288793,1.1610579514087178,1.161097624058754,4784
2025-04-06 15:20:13,1.161097624058754,1.1612348623624427,1.1595710277172304,1.159720283123129,9477
2025-04-06 16:20:13,1.159720283123129,1.1603469423456314,1.1595496605839792,1.1602508645093423,7147
2025-04-06 17:20:13,1.1602508645093423,1.1651954282516348,1.1595484811479921,1.1637223076557885,8771
2025-04-06 18:20:13,1.1637223076557885,1.164355238571855,1.163580182634191,1.16419687162839,4453
2025-04-06 19:20:13,1.16419687162839,1.1645598412812028,1.1624466135514369,1.1628716430265411,1793
2025-04-06 20:20:13,1.1628716430265411,1.1643433237542884,1.159424010550444,1.1597807923758907,8009
2025-04-06 21:20:13,1.1597807923758907,1.160019892495407,1.1543923221831263,1.1561431809299896,8083
2025-04-06 22:20:13,1.1561431809299896,1.1577489582525382,1.1558958906847883,1.15753223725364,6046
2025-04-06 23:20:13,1.15753223725364,1.1585087324961705,1.1486046615945926,1.151255011590809,6289
2025-04-07 00:20:13,1.151255011590809,1.1531781875918257,1.144494407491467,1.145930127618379,7433
2025-04-07 01:20:13,1.145930127618379,1.1460386102785833,1.1450528030426532,1.145293573184825,1578
2025-04-07 02:20:13,1.145293573184825,1.1458232129208137,1.143088390381533,1.1435734126949268,6656
2025-04-07 03:20:13,1.1435734126949268,1.1477219735828663,1.1431996902560702,1.1465435195506437,3994
2025-04-07 04:20:13,1.1465435195506437,1.1465456524060322,1.1463715044986151,1.1464113845103496,5388
2025-04-07 05:20:13,1.1464113845103496,1.147293849061672,1.1461386538773985,1.1470630608585313,8304
2025-04-07 06:20:13,1.1470630608585313,1.1493003032430344,1.146404533314852,1.1491750794028286,6266
2025-04-07 07:20:13,1.1491750794028286,1.1495785273553574,1.1476512345508136,1.1477262641347843,3141
2025-04-07 08:20:13,1.1477262641347843,1.149418789343371,1.1472551932190869,1.149165388609074,9496
2025-04-07 09:20:13,1.149165388609074,1.1499777374409312,1.1459038293336878,1.1468010175948826,7121
2025-04-07 10:20:13,1.1468010175948826,1.147037361116932,1.1467441736053066,1.1469787760643229,7398
2025-04-07 11:20:13,1.1469787760643229,1.1511118863960819,1.146527110087937,1.1501694005658774,8603
2025-04-07 12:20:13,1.1501694005658774,1.1508996033154297,1.147602316816673,1.1483670680342233,9469
2025-04-07 13:20:13,1.1483670680342233,1.148416141672911,1.1463267525227185,1.1465719575316482,9725
2025-04-07 14:20:13,1.1465719575316482,1.1481385678768024,1.1465243296797456,1.1477221057116331,7241
2025-04-07 15:20:13,1.1477221057116331,1.1477769319607132,1.1473965587811867,1.147465542242999,2293
2025-04-07 16:20:13,1.147465542242999,1.1480498099647736,1.1450471163570508,1.1457034225805096,5285
2025-04-07 17:20:13,1.1457034225805096,1.1482834346002098,1.1454612621977935,1.1477471549361018,3329
2025-04-07 18:20:13,1.1477471549361018,1.148252994471532,1.1464017411426368,1.1464792198081746,7469
2025-04-07 19:20:13,1.1464792198081746,1.146903088981778,1.1433646633242822,1.1443264493917615,7723
2025-04-07 20:20:13,1.1443264493917615,1.1466202673339327,1.1436741774167385,1.1460681228215235,4049
2025-04-07 21:20:13,1.1460681228215235,1.1467476274176085,1.1432787565487914,1.143489246253831,9577
2025-04-07 22:20:13,1.143489246253831,1.1440691126784477,1.1434034408577087,1.1440416072309265,1025
2025-04-07 23:20:13,1.1440416072309265,1.1442183961073533,1.1434977533358444,1.1436334983153489,9296
2025-04-08 00:20:13,1.1436334983153489,1.1448089604917357,1.140568440447843,1.1411801542370594,6355
2025-04-08 01:20:13,1.1411801542370594,1.1425785403104487,1.141070835520319,1.1422807968039097,3912
2025-04-08 02:20:13,1.1422807968039097,1.1469912673237257,1.141260237805259,1.145482887667968,7015
2025-04-08 03:20:13,1.145482887667968,1.1458052242751475,1.1445806886630374,1.144673302899396,5975
2025-04-08 04:20:13,1.144673302899396,1.1466747905763475,1.1442107533201098,1.1460365636524261,5620
2025-04-08 05:20:13,1.1460365636524261,1.1482667908927635,1.1459041196461046,1.1479509399877121,7550
2025-04-08 06:20:13,1.1479509399877121,1.1545107039773843,1.1459443077090268,1.152537503135516,6470
2025-04-08 07:20:13,1.152537503135516,1.1528156819647108,1.1481914610873907,1.1495014373902723,6553
2025-04-08 08:20:13,1.1495014373902723,1.1506422460393964,1.1466074080329165,1.1471545188981147,3283
2025-04-08 09:20:13,1.1471545188981147,1.149811090828075,1.146362385136998,1.1496036651902928,5563
2025-04-08 10:20:13,1.1496036651902928,1.1497525445653014,1.1463075301250991,1.147249091056691,2877
2025-04-08 11:20:13,1.147249091056691,1.1472991928119118,1.146585877112334,1.146781115467189,1461
2025-04-08 12:20:13,1.146781115467189,1.1474787953385992,1.142012260310663,1.1430199960189027,7805
2025-04-08 13:20:13,1.1430199960189027,1.1438721657700617,1.1367830254023477,1.1386569180492194,5277
2025-04-08 14:20:13,1.1386569180492194,1.1412965284825503,1.1380527259413031,1.141106898409974,1600
2025-04-08 15:20:13,1.141106898409974,1.1415105698193564,1.1409347239398255,1.141498836234622,7073
2025-04-08 16:20:13,1.141498836234622,1.141705510782429,1.1389160592632044,1.1394870472912013,1159
2025-04-08 17:20:13,1.1394870472912013,1.1399831947920909,1.1393616555742871,1.1398457186636106,2859
2025-04-08 18:20:13,1.1398457186636106,1.1407787102689355,1.1356317117950552,1.136446109442629,4756
2025-04-08 19:20:13,1.136446109442629,1.1366849034770565,1.135562876212937,1.135804897507825,5920
2025-04-08 20:20:13,1.135804897507825,1.1363342303642934,1.132580812089843,1.1334283914164305,3138
2025-04-08 21:20:13,1.1334283914164305,1.1347597547809027,1.1301239006619073,1.1302458782468063,6387
2025-04-08 22:20:13,1.1302458782468063,1.1316929930281183,1.129792873007551,1.1314049564074737,6474
2025-04-08 23:20:13,1.1314049564074737,1.1327345626405878,1.1312346205120993,1.1326663382243172,9974
2025-04-09 00:20:13,1.1326663382243172,1.1332687791961018,1.1324951777940373,1.1331551933377162,1492
2025-04-09 01:20:13,1.1331551933377162,1.1334975988648373,1.1320773311406045,1.1324097707180185,1722
2025-04-09 02:20:13,1.1324097707180185,1.1352441048595985,1.131800904123921,1.1346328070855418,2553
2025-04-09 03:20:13,1.1346328070855418,1.1346656069257355,1.1332153822400075,1.133521214990131,7124
2025-04-09 04:20:13,1.133521214990131,1.1344359768528922,1.1309082337690932,1.1312338512913618,8078
2025-04-09 05:20:13,1.1312338512913618,1.1319293844266312,1.1291587310588627,1.1297428479968896,8270
2025-04-09 06:20:13,1.1297428479968896,1.1307847434466185,1.1252363357871606,1.1261884290097883,4547
2025-04-09 07:20:13,1.1261884290097883,1.1274042341307637,1.1206415270606223,1.121879292165319,3943
2025-04-09 08:20:13,1.121879292165319,1.122825936663697,1.1184976096985402,1.118510683804225,4751
2025-04-09 09:20:13,1.118510683804225,1.1185571314990657,1.1181490715234839,1.1182274855968803,5767
2025-04-09 10:20:13,1.1182274855968803,1.118300485935851,1.1173209462514329,1.1174280056368135,1199
2025-04-09 11:20:13,1.1174280056368135,1.1174799831754707,1.1172238195200686,1.1172815815549522,1621
2025-04-09 12:20:13,1.1172815815549522,1.1177650956187017,1.114630548251174,1.115098240060894,4906
2025-04-09 13:20:13,1.115098240060894,1.115249241164366,1.1143327276893453,1.1144910015895029,8157
2025-04-09 14:20:13,1.1144910015895029,1.1145163290598112,1.110511261735768,1.1114418655938194,7557
2025-04-09 15:20:13,1.1114418655938194,1.112691858267191,1.1061407952380065,1.1068887885971166,3278
2025-04-09 16:20:13,1.1068887885971166,1.1076772991900645,1.1066948975593318,1.1076110928272047,9889
2025-04-09 17:20:13,1.1076110928272047,1.1106750938833967,1.1072915701984678,1.1100661115193466,5262
2025-04-09 18:20:13,1.1100661115193466,1.1107855983534183,1.107580800444919,1.1083044616111857,3130
2025-04-09 19:20:13,1.1083044616111857,1.1103420269652513,1.1081703798141573,1.109753007941834,4224
2025-04-09 20:20:13,1.109753007941834,1.111541574559388,1.104159754739395,1.1051075726773396,8864
2025-04-09 21:20:13,1.1051075726773396,1.1064200608497177,1.1044852554152669,1.1064026062423835,6731
2025-04-09 22:20:13,1.1064026062423835,1.107256598831699,1.106169150690859,1.1070159010515483,3355
2025-04-09 23:20:13,1.1070159010515483,1.110376643170328,1.1067202410708934,1.109427733647461,7852
2025-04-10 00:20:13,1.109427733647461,1.109832408720673,1.1079410394900122,1.1079795232275311,6871
2025-04-10 01:20:13,1.1079795232275311,1.1108105635392753,1.1073151230750686,1.110520078440415,2522
2025-04-10 02:20:13,1.110520078440415,1.1113770041933133,1.1073268925494404,1.1081055219145144,9963
2025-04-10 03:20:13,1.1081055219145144,1.108436136692467,1.1080261869293404,1.1084167502691538,8052
2025-04-10 04:20:13,1.1084167502691538,1.1117870102450973,1.1078043322841222,1.110886026943881,4697
2025-04-10 05:20:13,1.110886026943881,1.1112932489155571,1.110790668380143,1.1112172806651148,1128
2025-04-10 06:20:13,1.1112172806651148,1.1141755379563714,1.1104677495650659,1.1139426582650418,2756
2025-04-10 07:20:13,1.1139426582650418,1.1143975422606491,1.1138853913746714,1.114324099174832,1859
2025-04-10 08:20:13,1.114324099174832,1.1169717201772305,1.1136704497226046,1.116102434717986,9472
2025-04-10 09:20:13,1.116102434717986,1.1161173543297993,1.1159777803243203,1.115992738093014,3896
2025-04-10 10:20:13,1.115992738093014,1.1160777224293363,1.1150748381420916,1.1153361491968772,9166
2025-04-10 11:20:13,1.1153361491968772,1.1170554710596474,1.1149472418150639,1.1169195569208579,1064
2025-04-10 12:20:13,1.1169195569208579,1.1198128307102357,1.1165723899978333,1.1189562735375915,6675
2025-04-10 13:20:13,1.1189562735375915,1.120255319021241,1.115057691649706,1.116061204562756,6658
2025-04-10 14:20:13,1.116061204562756,1.1163097005077234,1.1148340603612716,1.1149051158396643,8181
2025-04-10 15:20:13,1.1149051158396643,1.118782065459133,1.1131681418660877,1.1184400057497026,4137
2025-04-10 16:20:13,1.1184400057497026,1.1184759467858167,1.1180076935261218,1.1181242187614964,3173
2025-04-10 17:20:13,1.1181242187614964,1.1190582878293607,1.1158982629674146,1.1159990621168545,8077
2025-04-10 18:20:13,1.1159990621168545,1.115999850563,1.115980969493888,1.115983231811803,1536
2025-04-10 19:20:13,1.115983231811803,1.119035050560795,1.1152499226091492,1.1187063433575286,1149
2025-04-10 20:20:13,1.1187063433575286,1.1195959512782985,1.1161755467580108,1.1163772656709932,5247
2025-04-10 21:20:13,1.1163772656709932,1.1165748150555774,1.1157889760406325,1.115803095030814,8272
2025-04-10 22:20:13,1.115803095030814,1.1158361308747462,1.1156568902973225,1.1156943835155897,9782
2025-04-10 23:20:13,1.1156943835155897,1.1166061714638753,1.1156662620976223,1.1165364663123851,4821
2025-04-11 00:20:13,1.1165364663123851,1.1196733501571892,1.1154047368839144,1.1195462299087093,2679
2025-04-11 01:20:13,1.1195462299087093,1.119694888927737,1.117032675563797,1.1174823733401031,1159
2025-04-11 02:20:13,1.1174823733401031,1.121988026376353,1.1163882851969775,1.1210507746723009,5815
2025-04-11 03:20:13,1.1210507746723009,1.121256959969688,1.1192319364094863,1.119637855493904,8779
2025-04-11 04:20:13,1.119637855493904,1.1196781680969057,1.1179196980324715,1.1184401269289015,1781
2025-04-11 05:20:13,1.1184401269289015,1.1236629292891187,1.116511199121716,1.1228829025964306,2508
2025-04-11 06:20:13,1.1228829025964306,1.1229446702766497,1.1189774635748244,1.1202337085240615,7834
2025-04-11 07:20:13,1.1202337085240615,1.1266773535525925,1.1195801450731295,1.1247828123515982,9377
2025-04-11 08:20:13,1.1247828123515982,1.1265294179948449,1.1243193721182023,1.1260056196805244,7377
2025-04-11 09:20:13,1.1260056196805244,1.1279849976648968,1.125489676480177,1.1279782579227788,2538
2025-04-11 10:20:13,1.1279782579227788,1.1317653657723372,1.12760417038934,1.1307891473159342,3311
2025-04-11 11:20:13,1.1307891473159342,1.1318310460509702,1.1266502300149535,1.1279084683270932,8669
2025-04-11 12:20:13,1.1279084683270932,1.1285458769525971,1.1252658801998245,1.1261402139893197,9185
2025-04-11 13:20:13,1.1261402139893197,1.1263612498238638,1.1246107992465753,1.1248081928666978,2628
2025-04-11 14:20:13,1.1248081928666978,1.1252548953479065,1.121841300056722,1.1222622721886204,4805
2025-04-11 15:20:13,1.1222622721886204,1.1231994434314962,1.1222109301912697,1.122893482363128,4985
2025-04-11 16:20:13,1.122893482363128,1.123991123556843,1.122763625316014,1.1237407973345936,3892
2025-04-11 17:20:13,1.1237407973345936,1.1237450825767845,1.123726958852708,1.1237270634571728,7323
2025-04-11 18:20:13,1.1237270634571728,1.1240321187169013,1.1215494346706258,1.122145686746545,5223
2025-04-11 19:20:13,1.122145686746545,1.1225045026354443,1.1194541996598706,1.1202881099082294,6904
2025-04-11 20:20:13,1.1202881099082294,1.1203502609900315,1.1202666809318476,1.120339733959388,7512
2025-04-11 21:20:13,1.120339733959388,1.121262989276999,1.1164029395596746,1.1175371505107168,1092
2025-04-11 22:20:13,1.1175371505107168,1.118012820834243,1.1144332092511657,1.1150436143801807,9380
2025-04-11 23:20:13,1.1150436143801807,1.1155974970590221,1.1148840139616216,1.1155203526487036,3445
2025-04-12 00:20:13,1.1155203526487036,1.1155301875433605,1.1150196235590628,1.1150520745983403,4242
2025-04-12 01:20:13,1.1150520745983403,1.1150665148501289,1.1150087616177515,1.1150135635298486,1349
2025-04-12 02:20:13,1.1150135635298486,1.1152889514212792,1.1134030294690493,1.1137270269302721,2527
2025-04-12 03:20:13,1.1137270269302721,1.1145290309570806,1.1115828077514993,1.1117303072042084,5845
2025-04-12 04:20:13,1.1117303072042084,1.1122922609771566,1.1090104525615159,1.1093465639238163,1555
2025-04-12 05:20:13,1.1093465639238163,1.1168315264494837,1.109032733194934,1.114758749430902,7896
2025-04-12 06:20:13,1.114758749430902,1.1149106444042067,1.113824689694748,1.1141319872706348,4838
2025-04-12 07:20:13,1.1141319872706348,1.1141517262599725,1.1139794571907826,1.1140174524485458,2819
2025-04-12 08:20:13,1.1140174524485458,1.1212244351672833,1.1115803460946032,1.1195606944228624,9769
2025-04-12 09:20:13,1.1195606944228624,1.1201755197711092,1.1149375545606834,1.1163190897226352,9847
2025-04-12 10:20:13,1.1163190897226352,1.119917780501249,1.1152164571594412,1.1189951307507913,5669
2025-04-12 11:20:13,1.1189951307507913,1.1219361458169859,1.1187181084197049,1.1211527075662362,6306
2025-04-12 12:20:13,1.1211527075662362,1.12157079753321,1.1197863541440278,1.1199588653659696,7509
2025-04-12 13:20:13,1.1199588653659696,1.121746613175055,1.119286259073398,1.1215477299554955,8174
2025-04-12 14:20:13,1.1215477299554955,1.1234928396201105,1.1208650147309687,1.1231158467303788,4372
2025-04-12 15:20:13,1.1231158467303788,1.127835179063978,1.122674587929184,1.1272533380353342,5716
2025-04-12 16:20:13,1.1272533380353342,1.1288321346707235,1.1228698573806792,1.1240765291617154,1743
2025-04-12 17:20:13,1.1240765291617154,1.1313197802924468,1.1215158113745856,1.1300019152754828,6365
2025-04-12 18:20:13,1.1300019152754828,1.1304452234924995,1.1268332562612655,1.127620442685911,5777
2025-04-12 19:20:13,1.127620442685911,1.1276879157435638,1.1211830103327003,1.1229168473238733,6754
2025-04-12 20:20:13,1.1229168473238733,1.125831097413068,1.1228961068025973,1.1251457640518074,7299
2025-04-12 21:20:13,1.1251457640518074,1.1262273277720274,1.125047859759298,1.1259730277712083,2404
2025-04-12 22:20:13,1.1259730277712083,1.1280796873054706,1.124961410226812,1.1280463669373175,7414
2025-04-12 23:20:13,1.1280463669373175,1.1307936156890723,1.1277406438945958,1.1302707030116974,4556
2025-04-13 00:20:13,1.1302707030116974,1.130331331708751,1.1300896005294023,1.1301434943635138,1252
2025-04-13 01:20:13,1.1301434943635138,1.1318165829365523,1.1296543544170303,1.1314589987549284,6351
2025-04-13 02:20:13,1.1314589987549284,1.1316357013585865,1.1297821536100598,1.1299909315122738,9647
2025-04-13 03:20:13,1.1299909315122738,1.1353229455996252,1.127559953189307,1.1350542621797997,9580
2025-04-13 04:20:13,1.1350542621797997,1.1352028969089487,1.133906153853624,1.1339846446842234,5745
2025-04-13 05:20:13,1.1339846446842234,1.134345135482608,1.1301499674672175,1.1309557095111862,2715
2025-04-13 06:20:13,1.1309557095111862,1.1314883831435927,1.1293016367515734,1.1297751601416561,8479
2025-04-13 07:20:13,1.1297751601416561,1.1304432729233846,1.1296052168899715,1.130356508039012,6364
2025-04-13 08:20:13,1.130356508039012,1.1366679979817704,1.1283896371701756,1.1348272215966597,4403
2025-04-13 09:20:13,1.1348272215966597,1.1350372177835522,1.1326698398075394,1.1330728562855819,4151
2025-04-13 10:20:13,1.1330728562855819,1.1330799552799535,1.1328354774809883,1.1328548784016166,5130
2025-04-13 11:20:13,1.1328548784016166,1.133204470317313,1.130657359479731,1.1313169969415435,4116
2025-04-13 12:20:13,1.1313169969415435,1.133869970255907,1.1306371712558623,1.1334181915870807,7331
2025-04-13 13:20:13,1.1334181915870807,1.1334791399029014,1.1287281454572058,1.1294779204237138,6077
2025-04-13 14:20:13,1.1294779204237138,1.1322487758515773,1.1289332952667537,1.131501433694735,5732
2025-04-13 15:20:13,1.131501433694735,1.132045731089609,1.1292728243196466,1.1295923284340725,8424
2025-04-13 16:20:13,1.1295923284340725,1.1299439358660202,1.1276163744952872,1.1279248538004607,6481
2025-04-13 17:20:13,1.1279248538004607,1.12793467482873,1.1278991027059915,1.1279018269504082,8986
2025-04-13 18:20:13,1.1279018269504082,1.1294129858527289,1.1277707235151222,1.1293061092217165,3230
2025-04-13 19:20:13,1.1293061092217165,1.1308530482276808,1.1289706237689878,1.1303959270961934,5592
2025-04-13 20:20:13,1.1303959270961934,1.1320805217585197,1.1298933364256654,1.1317539973347919,9560
2025-04-13 21:20:13,1.1317539973347919,1.1346271591802504,1.1315242284183915,1.1339124566926952,7630
2025-04-13 22:20:13,1.1339124566926952,1.1339514107843456,1.133902506177852,1.1339513608895355,5089
2025-04-13 23:20:13,1.1339513608895355,1.1419356489318675,1.1319573950896997,1.1395695874698037,7151
2025-04-14 00:20:13,1.1395695874698037,1.1422963043477332,1.1387429025602323,1.1422261508840306,3380
2025-04-14 01:20:13,1.1422261508840306,1.142616865830345,1.1421690932714201,1.142594109635988,2678
2025-04-14 02:20:13,1.142594109635988,1.1426066926219938,1.142531573204977,1.1425323353860528,6085
2025-04-14 03:20:13,1.1425323353860528,1.14365853887153,1.1420025927465534,1.1436062100429618,2615
2025-04-14 04:20:13,1.1436062100429618,1.1457808530267979,1.1431261872940113,1.1456655202094332,7781
2025-04-14 05:20:13,1.1456655202094332,1.1466808430131044,1.1420757225736484,1.1427531570042035,1191
2025-04-14 06:20:13,1.1427531570042035,1.1455688634397674,1.1416398188288475,1.1453001395977684,6214
2025-04-14 07:20:13,1.1453001395977684,1.1465806189257597,1.1447600593673455,1.1464474597294063,9696
2025-04-14 08:20:13,1.1464474597294063,1.1468904100875452,1.1444916039175559,1.1446170822710506,2114
2025-04-14 09:20:13,1.1446170822710506,1.145554924698255,1.1444006306462875,1.1452611714503924,5273
2025-04-14 10:20:13,1.1452611714503924,1.1463353713553648,1.145225950128593,1.14620159533637,6690
2025-04-14 11:20:13,1.14620159533637,1.1544437442486142,1.1461523111750884,1.1517464141690954,9257
2025-04-14 12:20:13,1.1517464141690954,1.1537018302550497,1.151306726244284,1.1532731145063695,3840
2025-04-14 13:20:13,1.1532731145063695,1.1573467461249374,1.1519305795457915,1.1573312858599825,1460
2025-04-14 14:20:13,1.1573312858599825,1.1575674156617066,1.1565309369912553,1.1567899970747098,3050
2025-04-14 15:20:13,1.1567899970747098,1.1571416168393798,1.1553950202979337,1.155581647302389,5159
2025-04-14 16:20:13,1.155581647302389,1.1557832459005297,1.1542804482481668,1.1546633113133566,1818
2025-04-14 17:20:13,1.1546633113133566,1.158007473728955,1.1544241675398346,1.1572902146089121,8925
2025-04-14 18:20:13,1.1572902146089121,1.1574302414984328,1.1572885081523845,1.1574240381521408,5886
2025-04-14 19:20:13,1.1574240381521408,1.1575856744249249,1.1543880673643467,1.1545465618879127,1172
2025-04-14 20:20:13,1.1545465618879127,1.1552749883556637,1.1510351591303882,1.1512327111796072,2894
2025-04-14 21:20:13,1.1512327111796072,1.1517508463399566,1.1488033174433365,1.1495638840536975,2373
2025-04-14 22:20:13,1.1495638840536975,1.1496479529494892,1.1491713757392477,1.1492939902050858,9353
2025-04-14 23:20:13,1.1492939902050858,1.150202339634821,1.1453538857927519,1.1454613892917795,6707
2025-04-15 00:20:13,1.1454613892917795,1.1459281327540796,1.1443552887451724,1.144417331751775,4759
2025-04-15 01:20:13,1.144417331751775,1.1507744479163229,1.1437006005757095,1.1490525922799657,4233
2025-04-15 02:20:13,1.1490525922799657,1.1499574648299598,1.1488598779242405,1.149890647744754,9163
2025-04-15 03:20:13,1.149890647744754,1.1503107988469559,1.1483671437650946,1.1485648789431204,5137
2025-04-15 04:20:13,1.1485648789431204,1.1485809477204894,1.1467915704231018,1.147379189043101,1878
2025-04-15 05:20:13,1.147379189043101,1.1480389648086682,1.1472908718903563,1.1478960082434917,3860
2025-04-15 06:20:13,1.1478960082434917,1.147902938666415,1.1457787091475942,1.1461110328978206,9519
2025-04-15 07:20:13,1.1461110328978206,1.147507492151619,1.1458790043551481,1.1470947153123636,4608
2025-04-15 08:20:13,1.1470947153123636,1.1478365514942035,1.143206697357633,1.1443478429888718,7548
2025-04-15 09:20:13,1.1443478429888718,1.1451113325772804,1.1419532057972042,1.1426865566845545,9060
2025-04-15 10:20:13,1.1426865566845545,1.1432924114930183,1.1397437968091189,1.1400700885871031,6615
2025-04-15 11:20:13,1.1400700885871031,1.141309553331638,1.1351660971080104,1.1362706529634226,5329
2025-04-15 12:20:13,1.1362706529634226,1.1372933965252898,1.1361191384759692,1.1372512759047202,9767
2025-04-15 13:20:13,1.1372512759047202,1.140225684545432,1.1364924316958538,1.1397174097742153,4164
2025-04-15 14:20:13,1.1397174097742153,1.1426964845031813,1.139640233758683,1.1419151748905176,1002
2025-04-15 15:20:13,1.1419151748905176,1.1472631273473761,1.1415751770130522,1.145496221319561,7866
2025-04-15 16:20:13,1.145496221319561,1.1457261391339228,1.1442128950864099,1.1446002660047156,9148
2025-04-15 17:20:13,1.1446002660047156,1.1446339656686233,1.1425662817411408,1.143015365785991,7815
2025-04-15 18:20:13,1.143015365785991,1.1468587677935072,1.1427920399140625,1.1459370156796056,2536
2025-04-15 19:20:13,1.1459370156796056,1.1461291131218427,1.1450364954106969,1.145117202244341,3484
2025-04-15 20:20:13,1.145117202244341,1.1464596674429426,1.1450298947562763,1.1461416675507357,3738
2025-04-15 21:20:13,1.1461416675507357,1.1462611313655926,1.1452707326391676,1.1455417712516682,7775
2025-04-15 22:20:13,1.1455417712516682,1.1474083985725392,1.1450457817011914,1.1472239681402356,3093
2025-04-15 23:20:13,1.1472239681402356,1.1472953232882754,1.1453206062598793,1.1458691154966647,6640
2025-04-16 00:20:13,1.1458691154966647,1.146062583802983,1.1445943604076465,1.1448491391340423,3250
2025-04-16 01:20:13,1.1448491391340423,1.1473555082567042,1.143940105821108,1.1467166407593425,3488
2025-04-16 02:20:13,1.1467166407593425,1.1467538200204832,1.14645456155438,1.1465298448060801,5687
2025-04-16 03:20:13,1.1465298448060801,1.1486923866897603,1.1458306441881885,1.1479881878821712,7792
2025-04-16 04:20:13,1.1479881878821712,1.1481809281670288,1.1461079898755373,1.146723221997734,8503
2025-04-16 05:20:13,1.146723221997734,1.147340593776079,1.1467074244284445,1.147248342955289,5782
2025-04-16 06:20:13,1.147248342955289,1.1492166356809903,1.141321426263836,1.1427711441392092,9649
2025-04-16 07:20:13,1.1427711441392092,1.1428089783976458,1.1427644449902274,1.142799561526116,7568
2025-04-16 08:20:13,1.142799561526116,1.1440745075642682,1.1385409853599224,1.1395599233428575,3375
2025-04-16 09:20:13,1.1395599233428575,1.1396548162534461,1.1392341520651479,1.1393313987491338,9840
2025-04-16 10:20:13,1.1393313987491338,1.1395264687645454,1.134894852500953,1.1355616620349989,9501
2025-04-16 11:20:13,1.1355616620349989,1.1360541741209484,1.1354347586097533,1.1359160969032107,4585
2025-04-16 12:20:13,1.1359160969032107,1.1360678922834508,1.1358969801535233,1.1360177924290262,2333
2025-04-16 13:20:13,1.1360177924290262,1.1396987538800931,1.1352973381966796,1.1393101597767292,3469
2025-04-16 14:20:13,1.1393101597767292,1.1394859544565599,1.1381692886598302,1.1384879724521386,8346
2025-04-16 15:20:13,1.1384879724521386,1.1390367703556832,1.1370417416000071,1.1372885281795033,7307
2025-04-16 16:20:13,1.1372885281795033,1.137312659238655,1.1360607072875937,1.13629262574541,5388
2025-04-16 17:20:13,1.13629262574541,1.1375994307240194,1.1306567922426214,1.13249412755969,9191
2025-04-16 18:20:13,1.13249412755969,1.1327446406131039,1.1308082056078559,1.1313352155772993,3239
2025-04-16 19:20:13,1.1313352155772993,1.1316608523566394,1.127010210520529,1.1283764890391592,1097
2025-04-16 20:20:13,1.1283764890391592,1.1292117810207298,1.124442212753742,1.1250093477450016,9176
2025-04-16 21:20:13,1.1250093477450016,1.1300505406279515,1.124284707795029,1.1289943469491872,8408
2025-04-16 22:20:13,1.1289943469491872,1.1292349862766196,1.1279815537734745,1.1280342974951765,4330
2025-04-16 23:20:13,1.1280342974951765,1.128043631421063,1.1279249990223383,1.1279416349267424,6805
2025-04-17 00:20:13,1.1279416349267424,1.1288484155029845,1.1278309492449838,1.128795824786427,6247
2025-04-17 01:20:13,1.128795824786427,1.1289032781620036,1.1287955659681448,1.1288751520280262,6761
2025-04-17 02:20:13,1.1288751520280262,1.1297804495742436,1.1258364681114839,1.1264281593642895,7660
2025-04-17 03:20:13,1.1264281593642895,1.1272101481520282,1.1263786252428443,1.1271547354024454,6052
2025-04-17 04:20:13,1.1271547354024454,1.1300159846232307,1.127085932959463,1.1299628184210886,1534
2025-04-17 05:20:13,1.1299628184210886,1.130547791818067,1.1299021759420682,1.1305142337235643,3462
2025-04-17 06:20:13,1.1305142337235643,1.131197734519759,1.1303199721772357,1.1311149107875538,9976
2025-04-17 07:20:13,1.1311149107875538,1.1319874905617884,1.1308148084957617,1.1317974624194445,4064
2025-04-17 08:20:13,1.1317974624194445,1.1331101956655918,1.131545630454244,1.1327273797318271,1442
2025-04-17 09:20:13,1.1327273797318271,1.1330243039754455,1.1290982580876177,1.1297989462879359,6031
2025-04-17 10:20:13,1.1297989462879359,1.1298372613178786,1.1287468915625694,1.1289973111283311,5654
2025-04-17 11:20:13,1.1289973111283311,1.1294482377514556,1.128936691695885,1.1293332375913796,6902
2025-04-17 12:20:13,1.1293332375913796,1.1298583085424556,1.127882457752083,1.1281765659514262,5954
2025-04-17 13:20:13,1.1281765659514262,1.1292141096477772,1.124959103993597,1.1255544130867852,3545
2025-04-17 14:20:13,1.1255544130867852,1.125617598953075,1.124532706030499,1.1246259946125723,7894
2025-04-17 15:20:13,1.1246259946125723,1.125116298838879,1.1225060439868264,1.1227216246715854,4599
2025-04-17 16:20:13,1.1227216246715854,1.126838642467882,1.121794390305545,1.1266510598360677,6551
2025-04-17 17:20:13,1.1266510598360677,1.1279447977485955,1.1265940172294189,1.1275984896990208,8638
2025-04-17 18:20:13,1.1275984896990208,1.1291382565628558,1.1274699966415984,1.129098423628521,8256
2025-04-17 19:20:13,1.129098423628521,1.1293185065745628,1.1282287229888965,1.1284940298211947,9064
2025-04-17 20:20:13,1.1284940298211947,1.1295623213486474,1.1255380149641867,1.1260506164599875,1711
2025-04-17 21:20:13,1.1260506164599875,1.1270868960809133,1.122383811084466,1.1232491984543849,6320
2025-04-17 22:20:13,1.1232491984543849,1.1232551677799063,1.1229327852183417,1.1229905023270619,2389
2025-04-17 23:20:13,1.1229905023270619,1.1236414449442442,1.1194105729355004,1.1203163952640447,8048
2025-04-18 00:20:13,1.1203163952640447,1.1211293762797008,1.1201242542928898,1.121055573472383,4761
2025-04-18 01:20:13,1.121055573472383,1.121446390962079,1.11954887768602,1.1200201614343317,1115
2025-04-18 02:20:13,1.1200201614343317,1.1223119764542124,1.1192547882765418,1.121864469447787,1995
2025-04-18 03:20:13,1.121864469447787,1.125673078632679,1.121502216566243,1.1255497384598474,1635
2025-04-18 04:20:13,1.1255497384598474,1.1283385462112616,1.1247679713194703,1.1280027907905152,1651
2025-04-18 05:20:13,1.1280027907905152,1.1281960490417513,1.1265505137038583,1.1270086309990746,6976
2025-04-18 06:20:13,1.1270086309990746,1.1290028441883464,1.1268634808014328,1.128436273672555,9784
2025-04-18 07:20:13,1.128436273672555,1.1285515260020957,1.125980718246352,1.1263302630175487,1781
2025-04-18 08:20:13,1.1263302630175487,1.1272595540049895,1.1260648493707253,1.127185055323096,1911
2025-04-18 09:20:13,1.127185055323096,1.1273864978351058,1.1254127654695845,1.1259294789316001,7042
2025-04-18 10:20:13,1.1259294789316001,1.1262949939176492,1.123905800215925,1.1242335804762846,4827
2025-04-18 11:20:13,1.1242335804762846,1.1268054301270518,1.1239082176525468,1.1265679732729414,7417
2025-04-18 12:20:13,1.1265679732729414,1.126573223223845,1.1265660913412532,1.1265728516390652,8982
2025-04-18 13:20:13,1.1265728516390652,1.128473050575965,1.1222393710857363,1.1224995835416045,9915
2025-04-18 14:20:13,1.1224995835416045,1.1225140396445767,1.1224968696725695,1.122509285832847,5175
2025-04-18 15:20:13,1.122509285832847,1.1238054230666035,1.1165884017236873,1.1183697885546962,3890
2025-04-18 16:20:13,1.1183697885546962,1.1187776510864595,1.116534395518057,1.1168367142979143,3565
2025-04-18 17:20:13,1.1168367142979143,1.119626377360885,1.116642973768741,1.1187956854128152,5365
2025-04-18 18:20:13,1.1187956854128152,1.1193872944957686,1.1186243983939401,1.1192851494381022,3628
2025-04-18 19:20:13,1.1192851494381022,1.1222621688363155,1.1187007225903403,1.1213586332160739,4417
2025-04-18 20:20:13,1.1213586332160739,1.1245479497696549,1.1202360202679817,1.1237602131847302,4180
2025-04-18 21:20:13,1.1237602131847302,1.1239849588843764,1.1222153150884449,1.1226600000111067,9242
2025-04-18 22:20:13,1.1226600000111067,1.1228654297738978,1.1220589821006044,1.1222026510169916,1183
2025-04-18 23:20:13,1.1222026510169916,1.1257406383885058,1.1214876363070663,1.1251011106770221,8713
2025-04-19 00:20:13,1.1251011106770221,1.125349527965883,1.1222056226924337,1.122895294878414,2694
2025-04-19 01:20:13,1.122895294878414,1.1232626171983056,1.1206657901745707,1.121305653575759,2539
2025-04-19 02:20:13,1.121305653575759,1.1215126206925132,1.1203088011377316,1.1205087299886114,6102
2025-04-19 03:20:13,1.1205087299886114,1.1247434358133317,1.1204343024970616,1.1245870159641123,8442
2025-04-19 04:20:13,1.1245870159641123,1.1248129480171885,1.1209366673467267,1.121908243718604,1145
2025-04-19 05:20:13,1.121908243718604,1.1220027314651317,1.11958392458512,1.1199239345214114,2283
2025-04-19 06:20:13,1.1199239345214114,1.1203406456597989,1.1183676186531555,1.1188108426224679,5345
2025-04-19 07:20:13,1.1188108426224679,1.1239158272885228,1.1176184143812358,1.1230361864485796,8290
2025-04-19 08:20:13,1.1230361864485796,1.127089202037019,1.1229115284666131,1.1264785519803415,6002
2025-04-19 09:20:13,1.1264785519803415,1.126857576021933,1.1263387117212953,1.1268192396408865,5062
2025-04-19 10:20:13,1.1268192396408865,1.1275045865384605,1.1265700918051376,1.1273372243630941,7422
2025-04-19 11:20:13,1.1273372243630941,1.127419852823273,1.1268302515272897,1.1268385858167977,1040
2025-04-19 12:20:13,1.1268385858167977,1.1270301456201224,1.1239879710725846,1.124362086392204,4256
2025-04-19 13:20:13,1.124362086392204,1.1270137308902919,1.1237897304581563,1.1263867443633937,5437
2025-04-19 14:20:13,1.1263867443633937,1.1296506033499258,1.1258447418895023,1.1289180676887711,1669
2025-04-19 15:20:13,1.1289180676887711,1.1293183825347342,1.1288763455839586,1.1293027294319,1145
2025-04-19 16:20:13,1.1293027294319,1.1299925282047512,1.129211934162326,1.1298815955730763,4944
2025-04-19 17:20:13,1.1298815955730763,1.1306750027635228,1.1262458779010802,1.1269469019556573,6394
2025-04-19 18:20:13,1.1269469019556573,1.1281927587381544,1.1220678335578331,1.1235614280630775,1230
2025-04-19 19:20:13,1.1235614280630775,1.123614460703463,1.1233737978424114,1.123419909976061,8979
2025-04-19 20:20:13,1.123419909976061,1.1234581137419868,1.1231215962771244,1.1232111921155346,1384
2025-04-19 21:20:13,1.1232111921155346,1.1235863762597487,1.1207080562034646,1.1214907520585733,7037
2025-04-19 22:20:13,1.1214907520585733,1.1239634393953484,1.120744187854434,1.1232797435145228,4096
2025-04-19 23:20:13,1.1232797435145228,1.1251743432312642,1.1230897996206133,1.124999009201476,2464
2025-04-20 00:20:13,1.124999009201476,1.1255743293671348,1.123487831241682,1.1237262378950132,3494
2025-04-20 01:20:13,1.1237262378950132,1.1242875877724743,1.1213693668196365,1.121838925316569,9911
2025-04-20 02:20:13,1.121838925316569,1.1219331871102145,1.119512199856588,1.119822857240466,6553
2025-04-20 03:20:13,1.119822857240466,1.1219556497513141,1.1153551317852055,1.115459056170865,7889
2025-04-20 04:20:13,1.115459056170865,1.11549611362599,1.1148723846135573,1.1148974544301842,4496
2025-04-20 05:20:13,1.1148974544301842,1.1151043703639774,1.113381032840594,1.1136242853450509,4888
2025-04-20 06:20:13,1.1136242853450509,1.1155241328779217,1.1130891173816773,1.1150631952112129,1387
2025-04-20 07:20:13,1.1150631952112129,1.1150953457673698,1.1137070236403719,1.113870650945296,6837
2025-04-20 08:20:13,1.113870650945296,1.1139736863116285,1.1134933905285143,1.1135739449317525,6300
2025-04-20 09:20:13,1.1135739449317525,1.1151512081044095,1.1078363196789685,1.1090103275477854,2158
2025-04-20 10:20:13,1.1090103275477854,1.1090688506257318,1.1083838725283808,1.1085517381953292,5005
2025-04-20 11:20:13,1.1085517381953292,1.109555316300405,1.105839168900743,1.1058961954059803,4038
2025-04-20 12:20:13,1.1058961954059803,1.1060380824656308,1.1041892404513773,1.1045515021689567,8457
2025-04-20 13:20:13,1.1045515021689567,1.106475363464691,1.1038063373887503,1.1062065656925832,7767
2025-04-20 14:20:13,1.1062065656925832,1.1069619770098964,1.1037802601845361,1.1045284772000679,5108
2025-04-20 15:20:13,1.1045284772000679,1.1061172451711607,1.104399836028938,1.1060796201965581,6333
2025-04-20 16:20:13,1.1060796201965581,1.1062578811808426,1.1032674743877813,1.1033688792478202,6354
2025-04-20 17:20:13,1.1033688792478202,1.1036632812405223,1.1023432011097238,1.102413133634669,2205
2025-04-20 18:20:13,1.102413133634669,1.102446709253571,1.1023429515159398,1.1023443876082757,5466
2025-04-20 19:20:13,1.1023443876082757,1.102422161705944,1.100102630632878,1.1004464833750962,9881
2025-04-20 20:20:13,1.1004464833750962,1.1033841417930188,1.0997550390778306,1.102459141565792,7966
2025-04-20 21:20:13,1.102459141565792,1.1024777426848165,1.101065215752,1.1012114851410468,9637
2025-04-20 22:20:13,1.1012114851410468,1.1015294466039078,1.1011340543517492,1.1014900443707372,7409
2025-04-20 23:20:13,1.1014900443707372,1.1021369500555573,1.0977752047098142,1.0979839512942677,4798
2025-04-21 00:20:13,1.0979839512942677,1.098655917793325,1.0961766204074446,1.0964821443756858,6060
2025-04-21 01:20:13,1.0964821443756858,1.09841115106802,1.0922775937949218,1.0923632380208743,1562
2025-04-21 02:20:13,1.0923632380208743,1.092513681644927,1.0919585510261454,1.0920262368906246,7949
2025-04-21 03:20:13,1.0920262368906246,1.0922595271131337,1.091165975438554,1.091415325547487,3343
2025-04-21 04:20:13,1.091415325547487,1.0920159720725662,1.0911803747170203,1.0919260471209968,4008
2025-04-21 05:20:13,1.0919260471209968,1.0921260035697498,1.0909397722205085,1.091137336149706,2216
2025-04-21 06:20:13,1.091137336149706,1.0932088001356721,1.0903677156925877,1.0927152571171839,1107
2025-04-21 07:20:13,1.0927152571171839,1.0934405728960996,1.0926421577889334,1.0932234775345355,1658
2025-04-21 08:20:13,1.0932234775345355,1.0952928008176541,1.0923740789048364,1.0952106389460614,2534
2025-04-21 09:20:13,1.0952106389460614,1.0952185072377203,1.0945996462712968,1.0946419100481017,2422
2025-04-21 10:20:13,1.0946419100481017,1.094721990493636,1.0942829302381676,1.0943311990541522,9383
2025-04-21 11:20:13,1.0943311990541522,1.0965404789118451,1.0938487619891275,1.0960889063022203,5634
2025-04-21 12:20:13,1.0960889063022203,1.0967382175463647,1.0959735171449385,1.0965608417321904,4534
2025-04-21 13:20:13,1.0965608417321904,1.0965922181660919,1.0964873466416858,1.0964941094623193,4132
2025-04-21 14:20:13,1.0964941094623193,1.096863590839064,1.0946023624706593,1.0952007370262773,6403
2025-04-21 15:20:13,1.0952007370262773,1.0980819175500522,1.093854306284536,1.097922976202494,4030
2025-04-21 16:20:13,1.097922976202494,1.0979243813646633,1.096832307706445,1.0971931352357287,2208
2025-04-21 17:20:13,1.0971931352357287,1.1010589345789317,1.096532687520305,1.1003227061069463,1458
2025-04-21 18:20:13,1.1003227061069463,1.1008159882277777,1.100322285513507,1.1008106210877295,8767
2025-04-21 19:20:13,1.1008106210877295,1.1070076852389479,1.0995834700483726,1.1056007375539088,2982
2025-04-21 20:20:13,1.1056007375539088,1.1063855888706393,1.1054244104943562,1.1063638457532607,5896
2025-04-21 21:20:13,1.1063638457532607,1.108665917874378,1.1062489716400126,1.1083718134362475,3449
2025-04-21 22:20:13,1.1083718134362475,1.1090274345484996,1.1024933757415225,1.1037180673879314,2966
2025-04-21 23:20:13,1.1037180673879314,1.1037585904289398,1.1033747665256641,1.1034846195202903,6048
2025-04-22 00:20:13,1.1034846195202903,1.104155986883166,1.103322714483931,1.1039345645902128,3118
2025-04-22 01:20:13,1.1039345645902128,1.104025210021957,1.103907432642472,1.1040068531635059,7581
2025-04-22 02:20:13,1.1040068531635059,1.104257549063147,1.1021046610951577,1.1025207139607816,9151
2025-04-22 03:20:13,1.1025207139607816,1.1038997255321303,1.0994329106334435,1.0995385815521619,9957
2025-04-22 04:20:13,1.0995385815521619,1.1011700901466783,1.0947276649248883,1.0955221568190068,1581
2025-04-22 05:20:13,1.0955221568190068,1.0955543419155058,1.0950944314765643,1.0951917217806013,2265
2025-04-22 06:20:13,1.0951917217806013,1.0967279389944082,1.0950888829844119,1.096622660206111,6888
2025-04-22 07:20:13,1.096622660206111,1.0966375864680373,1.0950344420218223,1.0953197115646096,3420
2025-04-22 08:20:13,1.0953197115646096,1.0954147953319575,1.0933593874046597,1.0936439563937301,5902
2025-04-22 09:20:13,1.0936439563937301,1.0952594190310971,1.093416360322991,1.0947350851762112,7997
2025-04-22 10:20:13,1.0947350851762112,1.0953379729515145,1.092173946011103,1.0922600461543306,6648
2025-04-22 11:20:13,1.0922600461543306,1.0928235438675726,1.0898515410589102,1.0905291086711104,3341
2025-04-22 12:20:13,1.0905291086711104,1.0906545469419293,1.0901737270976373,1.0902379148749965,7395
2025-04-22 13:20:13,1.0902379148749965,1.094823536654856,1.0898889558603888,1.0935581877880247,8333
2025-04-22 14:20:13,1.0935581877880247,1.096767310998519,1.0928070643948677,1.095723488704804,4796
2025-04-22 15:20:13,1.095723488704804,1.1005011262426727,1.094621975626252,1.0996264976383208,1209
2025-04-22 16:20:13,1.0996264976383208,1.0999460654102033,1.09956876091981,1.099861396041585,6196
2025-04-22 17:20:13,1.099861396041585,1.0999953315404574,1.0998476946581155,1.099964586263627,8381
2025-04-22 18:20:13,1.099964586263627,1.100942398783648,1.0957423160535156,1.096844165278213,3634
2025-04-22 19:20:13,1.096844165278213,1.0968446508757417,1.096844084844578,1.0968446257154731,4791
2025-04-22 20:20:13,1.0968446257154731,1.0969870788769414,1.0941851716421964,1.0948355926648128,2716
2025-04-22 21:20:13,1.0948355926648128,1.1009896609307448,1.094534979136328,1.0991630308065956,4594
2025-04-22 22:20:13,1.0991630308065956,1.099300846620565,1.0991092079461355,1.0992891010156285,6791
2025-04-22 23:20:13,1.0992891010156285,1.100081368867412,1.0955136687552118,1.0958458791279762,9459
2025-04-23 00:20:13,1.0958458791279762,1.0965247661781454,1.0928981607339738,1.093510086276539,2405
2025-04-23 01:20:13,1.093510086276539,1.0937990380401597,1.0933979195535144,1.09379294721651,5913
2025-04-23 02:20:13,1.09379294721651,1.094155585892568,1.093699087761236,1.0941088841257596,4942
2025-04-23 03:20:13,1.0941088841257596,1.0943333988449881,1.093210103166113,1.0934872345120954,5607
2025-04-23 04:20:13,1.0934872345120954,1.097260024826971,1.0927382471045046,1.0962169675386746,3876
2025-04-23 05:20:13,1.0962169675386746,1.0963320270701278,1.0951364050058081,1.095291855631291,1943
2025-04-23 06:20:13,1.095291855631291,1.095532692344302,1.095200806472059,1.0955257304838917,1009
2025-04-23 07:20:13,1.0955257304838917,1.1020067871568262,1.0941915570723846,1.1001544226026703,9628
2025-04-23 08:20:13,1.1001544226026703,1.1009572388043465,1.097352181213553,1.097950935634996,7694
2025-04-23 09:20:13,1.097950935634996,1.0982011740562736,1.0916943332906957,1.0920281035639294,6243
2025-04-23 10:20:13,1.0920281035639294,1.0924408401500483,1.089836966539933,1.090480139259412,6709
2025-04-23 11:20:13,1.090480139259412,1.0930628175658477,1.0898919680419914,1.0922035898084301,4197
2025-04-23 12:20:13,1.0922035898084301,1.097333739515595,1.0912521275429286,1.0968259665484996,6915
2025-04-23 13:20:13,1.0968259665484996,1.097674983827559,1.0935607774866565,1.094012794496406,2378
2025-04-23 14:20:13,1.094012794496406,1.0941090805438471,1.0919515186415385,1.0921227572386323,6449
2025-04-23 15:20:13,1.0921227572386323,1.0925720910167733,1.0896301613871398,1.0903777865830344,3573
2025-04-23 16:20:13,1.0903777865830344,1.0910289701563816,1.0901062553383893,1.09100515677192,5306
2025-04-23 17:20:13,1.09100515677192,1.0929871955498565,1.0904221311904154,1.0926826952528734,2270
2025-04-23 18:20:13,1.0926826952528734,1.09462374488729,1.0921735523987912,1.094137144564009,4546
2025-04-23 19:20:13,1.094137144564009,1.0943505312343766,1.0927731732965713,1.0932219458185313,8529
2025-04-23 20:20:13,1.0932219458185313,1.0932892676270092,1.0929561280521989,1.0929609352384742,7834
2025-04-23 21:20:13,1.0929609352384742,1.095596791505517,1.091880845318995,1.0954597239037411,5161
2025-04-23 22:20:13,1.0954597239037411,1.095752677987953,1.094608366252506,1.0948356699184951,8417
2025-04-23 23:20:13,1.0948356699184951,1.0953066086999481,1.093439177157621,1.0936298537395122,6973
2025-04-24 00:20:13,1.0936298537395122,1.094400208548638,1.0911802263824129,1.091794667399682,6196
2025-04-24 01:20:13,1.091794667399682,1.092923487080572,1.0893753094672838,1.0894674113310785,4911
2025-04-24 02:20:13,1.0894674113310785,1.0901520941637273,1.0892176051946152,1.0900200624455934,8126
2025-04-24 03:20:13,1.0900200624455934,1.09023068592507,1.0882553591001416,1.0888216116227858,6690
2025-04-24 04:20:13,1.0888216116227858,1.0912535679699256,1.088586187035266,1.0912352138550518,6892
2025-04-24 05:20:13,1.0912352138550518,1.0914034644438744,1.0907262290281312,1.0908823340305667,3960
2025-04-24 06:20:13,1.0908823340305667,1.0911698680946946,1.0908569575131355,1.0910871806982854,8259
2025-04-24 07:20:13,1.0910871806982854,1.0913608472224043,1.0896761081222803,1.0900838223563976,9930
2025-04-24 08:20:13,1.0900838223563976,1.0902753596423354,1.0883862699403846,1.0887364974761768,1506
2025-04-24 09:20:13,1.0887364974761768,1.0896673513080302,1.0886807984897529,1.089493285878692,9760
2025-04-24 10:20:13,1.089493285878692,1.0900157713525087,1.0881592261004327,1.0883818009859292,7579
2025-04-24 11:20:13,1.0883818009859292,1.088667054858248,1.085339872149494,1.0863238003837532,5806
2025-04-24 12:20:13,1.0863238003837532,1.0890062112650767,1.0862479312302544,1.0884478831926157,1016
2025-04-24 13:20:13,1.0884478831926157,1.0887309876552054,1.0871280817953537,1.087330631168429,1493
2025-04-24 14:20:13,1.087330631168429,1.0874744105829148,1.084247819099346,1.0842703079868952,3144
2025-04-24 15:20:13,1.0842703079868952,1.0843086057337,1.0840850014028454,1.0841300648178223,8966
2025-04-24 16:20:13,1.0841300648178223,1.0857883796890078,1.0840294230800496,1.085371377772043,1086
2025-04-24 17:20:13,1.085371377772043,1.0883084205845617,1.0845730177826205,1.0874801318431393,4935
2025-04-24 18:20:13,1.0874801318431393,1.0889909988603683,1.0873034045698597,1.088488684138338,9665
2025-04-24 19:20:13,1.088488684138338,1.0892105257685458,1.085718850744554,1.0861287873877197,4838
2025-04-24 20:20:13,1.0861287873877197,1.0887133671822662,1.0860323782348735,1.0881404002407034,2849
2025-04-24 21:20:13,1.0881404002407034,1.092511079328472,1.087058381332277,1.092451703897443,7870
2025-04-24 22:20:13,1.092451703897443,1.0925037323087259,1.09053838682668,1.0908857801052785,8569
2025-04-24 23:20:13,1.0908857801052785,1.0915699531661147,1.0878689766640843,1.0888169359457853,2194
2025-04-25 00:20:13,1.0888169359457853,1.0900358867655116,1.0886920998719856,1.089659457016899,4391
2025-04-25 01:20:13,1.089659457016899,1.0908499642980831,1.0893269016686702,1.0908382934979026,1753
2025-04-25 02:20:13,1.0908382934979026,1.0924412864947028,1.0902328211554044,1.0921877208442992,8582
2025-04-25 03:20:13,1.0921877208442992,1.0922841651987878,1.0913512736920836,1.091454831584977,7103
2025-04-25 04:20:13,1.091454831584977,1.0920118059113997,1.089810655990757,1.0899713694886384,8050
2025-04-25 05:20:13,1.0899713694886384,1.090542034046668,1.0898227926140789,1.0903811077962404,6593
2025-04-25 06:20:13,1.0903811077962404,1.0919105262121023,1.0902083924774528,1.0917227845952422,5984
2025-04-25 07:20:13,1.0917227845952422,1.0919329672417977,1.0886231582330184,1.0891855229607434,6833
2025-04-25 08:20:13,1.0891855229607434,1.090371498939249,1.0852713326897665,1.0862900910576332,9110
2025-04-25 09:20:13,1.0862900910576332,1.088085071660962,1.086144520641541,1.087769839468083,8188
2025-04-25 10:20:13,1.087769839468083,1.087963192393239,1.0877601613875332,1.0879039750149149,8160
2025-04-25 11:20:13,1.0879039750149149,1.088606795010314,1.0854086859955117,1.085532478909619,2279
2025-04-25 12:20:13,1.085532478909619,1.0871514934385795,1.0849291578647569,1.086904102705796,6505
2025-04-25 13:20:13,1.086904102705796,1.0900179683819302,1.0861933662410197,1.0891746972549845,5770
2025-04-25 14:20:13,1.0891746972549845,1.0932303210474261,1.0880835078503726,1.0920711873368487,3194
2025-04-25 15:20:13,1.0920711873368487,1.0927867638208137,1.0894850395171183,1.0902674010618079,7062
2025-04-25 16:20:13,1.0902674010618079,1.0912557661808504,1.0872714143129991,1.0875787251066693,9064
2025-04-25 17:20:13,1.0875787251066693,1.0903192239899122,1.086269526926928,1.090254150285123,4513
2025-04-25 18:20:13,1.090254150285123,1.0913560231378425,1.0864086433073006,1.0865872004321662,9551
2025-04-25 19:20:13,1.0865872004321662,1.086974610381378,1.0842700332815447,1.08470878693674,3524
2025-04-25 20:20:13,1.08470878693674,1.084715431779253,1.084673323841263,1.0846777535289713,9784
2025-04-25 21:20:13,1.0846777535289713,1.0847758990739442,1.0840126707763973,1.0841645276937124,6094
2025-04-25 22:20:13,1.0841645276937124,1.0841856811562003,1.084025944101511,1.0840709929834544,6548
2025-04-25 23:20:13,1.0840709929834544,1.0877977761671371,1.0837058927498284,1.0870429708730278,6522
2025-04-26 00:20:13,1.0870429708730278,1.0870653983325878,1.087041610331116,1.0870594111476264,5363
2025-04-26 01:20:13,1.0870594111476264,1.090970290024413,1.086152671352687,1.0896917113581994,3492
2025-04-26 02:20:13,1.0896917113581994,1.0944631551841475,1.0896371813937205,1.093303303630344,2011
2025-04-26 03:20:13,1.093303303630344,1.0953884302564802,1.092542412126342,1.095140010080443,1269
2025-04-26 04:20:13,1.095140010080443,1.0953752796117378,1.0944757745064337,1.094589303397853,6214
2025-04-26 05:20:13,1.094589303397853,1.0946753803558542,1.0945883574751105,1.0946703470477441,4850
2025-04-26 06:20:13,1.0946703470477441,1.0960922512450646,1.0940308484201167,1.096017865709764,2877
2025-04-26 07:20:13,1.096017865709764,1.0974115556118815,1.095532627781329,1.097003752701988,6676
2025-04-26 08:20:13,1.097003752701988,1.0972429412641593,1.0969631295070628,1.0972017191724044,8914
2025-04-26 09:20:13,1.0972017191724044,1.0983966500545188,1.0968057651471077,1.0982187868933084,8905
2025-04-26 10:20:13,1.0982187868933084,1.100464277804965,1.0972039393205866,1.1003740379146996,5259
2025-04-26 11:20:13,1.1003740379146996,1.1018677309784957,1.1000239248158754,1.1018313518002971,5343
2025-04-26 12:20:13,1.1018313518002971,1.1023204221932028,1.0995542389639839,1.0999782944206855,6840
2025-04-26 13:20:13,1.0999782944206855,1.107262194700378,1.0983659105252084,1.1048548053547012,2351
2025-04-26 14:20:13,1.1048548053547012,1.106022745659983,1.1046261242088926,1.1056360197364203,3900
2025-04-26 15:20:13,1.1056360197364203,1.1056446989280853,1.0987178524030838,1.1004705945150428,5059
2025-04-26 16:20:13,1.1004705945150428,1.1008857031619483,1.0994384923030174,1.0995882060653928,3524
2025-04-26 17:20:13,1.0995882060653928,1.100065775084109,1.0981283984954542,1.0985956089665359,8352
2025-04-26 18:20:13,1.0985956089665359,1.0989914220082637,1.0953909219165459,1.0958204387538804,8438
2025-04-26 19:20:13,1.0958204387538804,1.0960405066568475,1.0948544907561653,1.0950856230993007,8797
2025-04-26 20:20:13,1.0950856230993007,1.0955022364153788,1.0932191623541985,1.0936103235714416,9483
2025-04-26 21:20:13,1.0936103235714416,1.0965534299800843,1.0934240897260377,1.0961102386692483,4849
2025-04-26 22:20:13,1.0961102386692483,1.096213203955711,1.0954302979766097,1.0955194668312067,6178
2025-04-26 23:20:13,1.0955194668312067,1.097618215314567,1.0952766553796132,1.097269032628443,9889
2025-04-27 00:20:13,1.097269032628443,1.100298459140373,1.0967880277000757,1.0993905857683126,2051
2025-04-27 01:20:13,1.0993905857683126,1.0994756937127192,1.0989837456496239,1.099044178340732,2548
2025-04-27 02:20:13,1.099044178340732,1.1016705634004527,1.0984919333041927,1.1015210587640083,3244
2025-04-27 03:20:13,1.1015210587640083,1.1041469827958141,1.1013818826416424,1.1035394821175746,9493
2025-04-27 04:20:13,1.1035394821175746,1.1043115750686152,1.1015790305012911,1.101585493581627,4270
2025-04-27 05:20:13,1.101585493581627,1.1023629519847757,1.101321164871542,1.1021539488118217,2041
2025-04-27 06:20:13,1.1021539488118217,1.1026981442006305,1.1020990008766889,1.102545859774591,9943
2025-04-27 07:20:13,1.102545859774591,1.104807236542279,1.1021161878460006,1.1042263974318522,3827
2025-04-27 08:20:13,1.1042263974318522,1.1047020444949136,1.099687089020042,1.100977376776817,4363
2025-04-27 09:20:13,1.100977376776817,1.1011561032819137,1.099802905821209,1.0999087237980405,8143
2025-04-27 10:20:13,1.0999087237980405,1.1013203689016013,1.0996090520401063,1.1010782908273342,1041
2025-04-27 11:20:13,1.1010782908273342,1.101481513388747,1.0991860395697792,1.0996466712159756,4986
2025-04-27 12:20:13,1.0996466712159756,1.1012610837966637,1.0931276014269256,1.0947543724896673,7567
2025-04-27 13:20:13,1.0947543724896673,1.0949395482645357,1.0940449151672207,1.094281058911103,4782
2025-04-27 14:20:13,1.094281058911103,1.0948765239395177,1.0941272591299216,1.0947136108403062,4416
2025-04-27 15:20:13,1.0947136108403062,1.0961710887622067,1.0947012538695169,1.0960575235620504,6857
2025-04-27 16:20:13,1.0960575235620504,1.0967059707803266,1.0927154213962127,1.0937979356851024,6220
2025-04-27 17:20:13,1.0937979356851024,1.0946983347778083,1.0935186009075757,1.09453041766201,5724
2025-04-27 18:20:13,1.09453041766201,1.0946066924127495,1.0939875820004918,1.0940944813331357,6133
2025-04-27 19:20:13,1.0940944813331357,1.094432453490038,1.0910547595480933,1.0915483386752036,2808
2025-04-27 20:20:13,1.0915483386752036,1.095253899339773,1.0907141060547538,1.094981067446654,4451
2025-04-27 21:20:13,1.094981067446654,1.095974005074444,1.0949030174906011,1.0957894261549221,9155
2025-04-27 22:20:13,1.0957894261549221,1.0976658680785012,1.095088487529341,1.0972273367993721,1617
2025-04-27 23:20:13,1.0972273367993721,1.0988946865742775,1.0924416527081684,1.093350354919244,6737
2025-04-28 00:20:13,1.093350354919244,1.0936207427660043,1.0905852201407353,1.091140595895333,7189
2025-04-28 01:20:13,1.091140595895333,1.0916220316460041,1.0889336055706633,1.0895038759970885,2195
2025-04-28 02:20:13,1.0895038759970885,1.0898648025607762,1.0876114093173368,1.087982224484517,8862
2025-04-28 03:20:13,1.087982224484517,1.0932758003716658,1.0878384114385065,1.092767570579049,4790
2025-04-28 04:20:13,1.092767570579049,1.0939831743144741,1.0926357948981547,1.0935846418348616,4310
2025-04-28 05:20:13,1.0935846418348616,1.095460112492093,1.0930556856280653,1.0948587773945995,6893
2025-04-28 06:20:13,1.0948587773945995,1.0955949077936349,1.092077329550093,1.0927202012940582,8293
2025-04-28 07:20:13,1.0927202012940582,1.0941123800336114,1.092603301185049,1.0937977508340986,1746
2025-04-28 08:20:13,1.0937977508340986,1.0938935495885962,1.0927770456251509,1.0928108188473613,3604
2025-04-28 09:20:13,1.0928108188473613,1.092811852590263,1.0926576610954288,1.0926985749187463,6242
2025-04-28 10:20:13,1.0926985749187463,1.0934342329345637,1.090316025025907,1.0909037518229083,8413
2025-04-28 11:20:13,1.0909037518229083,1.093638151760014,1.0899040229144603,1.093515699623053,4624
2025-04-28 12:20:13,1.093515699623053,1.0936514118741665,1.0929763274682915,1.0930221258625905,3027
2025-04-28 13:20:13,1.0930221258625905,1.0930271715020765,1.0930219358967173,1.093025674703284,8750
2025-04-28 14:20:13,1.093025674703284,1.095168956123616,1.0874088236164672,1.0877002108093017,9892
2025-04-28 15:20:13,1.0877002108093017,1.0879312487212414,1.0863324115459787,1.086595477593505,4242
2025-04-28 16:20:13,1.086595477593505,1.0881694257525116,1.0859394668373004,1.0879349623185506,2433
2025-04-28 17:20:13,1.0879349623185506,1.0889905840292247,1.0838495920120177,1.0851246540329604,6253
2025-04-28 18:20:13,1.0851246540329604,1.085228076107054,1.08509622843755,1.0851963892523786,5517
2025-04-28 19:20:13,1.0851963892523786,1.087410253388457,1.085005406288873,1.0866863179166242,3491
2025-04-28 20:20:13,1.0866863179166242,1.0874706134855572,1.0832808570014545,1.0843971687119534,8261
2025-04-28 21:20:13,1.0843971687119534,1.0883156318275573,1.0832023359288878,1.0877887552398202,1526
2025-04-28 22:20:13,1.0877887552398202,1.0884186347350542,1.0877281968776362,1.0883244386679092,2925
2025-04-28 23:20:13,1.0883244386679092,1.0886618799802459,1.086485223830885,1.08685348222068,5582
2025-04-29 00:20:13,1.08685348222068,1.0869066418613769,1.085196555971734,1.085252575405187,8460
2025-04-29 01:20:13,1.085252575405187,1.0867542151425411,1.0848345819035508,1.0865217914120848,4532
2025-04-29 02:20:13,1.0865217914120848,1.0869793224244468,1.0864447250126656,1.0868498127088027,1883
2025-04-29 03:20:13,1.0868498127088027,1.0870659294262959,1.0863184306022842,1.0863842393617307,1624
2025-04-29 04:20:13,1.0863842393617307,1.0867808612038927,1.0850772692766402,1.0851448240290105,4243
2025-04-29 05:20:13,1.0851448240290105,1.0852655776412026,1.084718912845571,1.0848483857083195,3056
2025-04-29 06:20:13,1.0848483857083195,1.0848508703847843,1.0848188286394524,1.0848227249555291,8225
2025-04-29 07:20:13,1.0848227249555291,1.0855207631075399,1.0846562510335116,1.0854216761847033,4811
